FULL1_NAME,County
"Abbeville County, South Carolina",1795
"Acadia County, Louisiana",2166
"Accomack County, Virginia",1694
"Ada County, Idaho",1203
"Adair County, Iowa",2546
"Adair County, Kentucky",2075
"Adair County, Missouri",2200
"Adair County, Oklahoma",879
"Adams County, Colorado",108
"Adams County, Iowa",2796
"Adams County, Idaho",2446
"Adams County, Illinois",1452
"Adams County, Indiana",2024
"Adams County, Mississippi",1711
"Adams County, North Dakota",2715
"Adams County, Nebraska",784
"Adams County, Ohio",808
"Adams County, Pennsylvania",370
"Adams County, Washington",2254
"Adams County, Wisconsin",910
"Addison County, Vermont",730
"Aguadilla County, Puerto Rico",2158
"Aiken County, South Carolina",259
"Aitkin County, Minnesota",1918
"Alachua County, Florida",1241
"Alamance County, North Carolina",1292
"Alameda County, California",16
"Alamosa County, Colorado",991
"Albany County, New York",149
"Albany County, Wyoming",1652
"Albemarle County, Virginia",376
"Alcona County, Michigan",1960
"Alcorn County, Mississippi",2175
"Alexander County, Illinois",2761
"Alexander County, North Carolina",721
"Alexandria City County, Virginia",290
"Alfalfa County, Oklahoma",1131
"Alger County, Michigan",2134
"Allamakee County, Iowa",1005
"Allegan County, Michigan",1343
"Allegany County, Maryland",456
"Allegany County, New York",604
"Alleghany County, North Carolina",1053
"Alleghany County, Virginia",2093
"Allegheny County, Pennsylvania",23
"Allen County, Indiana",1205
"Allen County, Kansas",2315
"Allen County, Kentucky",1866
"Allen County, Louisiana",3086
"Allen County, Ohio",355
"Allendale County, South Carolina",2744
"Alpena County, Michigan",1732
"Alpine County, California",1154
"Amador County, California",710
"Amelia County, Virginia",2114
"Amherst County, Virginia",777
"Amite County, Mississippi",2858
"Anchorage County, Alaska",1221
"Anderson County, Kansas",2139
"Anderson County, Kentucky",1846
"Anderson County, South Carolina",223
"Anderson County, Tennessee",455
"Anderson County, Texas",1485
"Andrew County, Missouri",2843
"Andrews County, Texas",2291
"Androscoggin County, Maine",348
"Angelina County, Texas",1390
"Anne Arundel County, Maryland",83
"Anoka County, Minnesota",139
"Anson County, North Carolina",825
"Antelope County, Nebraska",2612
"Antrim County, Michigan",1818
"Apache County, Arizona",468
"Appanoose County, Iowa",1035
"Appling County, Georgia",2567
"Appomattox County, Virginia",2288
"Aransas County, Texas",1824
"Arapahoe County, Colorado",78
"Archer County, Texas",2375
"Archuleta County, Colorado",1044
"Arecibo County, Puerto Rico",2151
"Arenac County, Michigan",1920
"Arkansas County, Arkansas",934
"Arlington County, Virginia",202
"Armstrong County, Pennsylvania",477
"Armstrong County, Texas",3051
"Aroostook County, Maine",1433
"Arthur County, Nebraska",2838
"Ascension County, Louisiana",1355
"Ashe County, North Carolina",821
"Ashland County, Ohio",1512
"Ashland County, Wisconsin",976
"Ashley County, Arkansas",893
"Ashtabula County, Ohio",368
"Asotin County, Washington",1842
"Assumption County, Louisiana",2695
"Atascosa County, Texas",1569
"Atchison County, Kansas",2269
"Athens County, Ohio",498
"Atkinson County, Georgia",2757
"Atlantic County, New Jersey",163
"Atoka County, Oklahoma",1010
"Attala County, Mississippi",2247
"Audrain County, Missouri",1792
"Audubon County, Iowa",2778
"Auglaize County, Ohio",630
"Augusta County, Virginia",461
"Aurora County, South Dakota",3020
"Austin County, Texas",1749
"Autauga County, Alabama",1505
"Avery County, North Carolina",1893
"Avoyelles County, Louisiana",2172
"Baca County, Colorado",2799
"Bacon County, Georgia",2739
"Bailey County, Texas",2897
"Baker County, Florida",1766
"Baker County, Georgia",2800
"Baker County, Oregon",977
"Baldwin County, Alabama",228
"Baldwin County, Georgia",1562
"Ballard County, Kentucky",2760
"Baltimore City County, Maryland",73
"Baltimore County, Maryland",48
"Bamberg County, South Carolina",2511
"Bandera County, Texas",1860
"Banks County, Georgia",2077
"Banner County, Nebraska",2833
"Bannock County, Idaho",1396
"Baraga County, Michigan",2380
"Barber County, Kansas",2947
"Barbour County, Alabama",1762
"Barbour County, West Virginia",2089
"Barnes County, North Dakota",2864
"Barnstable County, Massachusetts",196
"Barnwell County, South Carolina",881
"Barren County, Kentucky",1593
"Barron County, Wisconsin",1561
"Barrow County, Georgia",1443
"Barry County, Michigan",1483
"Barry County, Missouri",1662
"Bartholomew County, Indiana",1414
"Barton County, Kansas",2043
"Barton County, Missouri",2327
"Bartow County, Georgia",1362
"Bastrop County, Texas",1428
"Bates County, Missouri",2086
"Bath County, Kentucky",2124
"Bath County, Virginia",2441
"Baxter County, Arkansas",678
"Bay County, Florida",1279
"Bay County, Michigan",1353
"Bayamon County, Puerto Rico",2152
"Bayfield County, Wisconsin",1931
"Baylor County, Texas",2977
"Beadle County, South Dakota",2503
"Bear Lake County, Idaho",2435
"Beaufort County, North Carolina",1543
"Beaufort County, South Carolina",253
"Beauregard County, Louisiana",1660
"Beaver County, Oklahoma",2620
"Beaver County, Pennsylvania",239
"Beaver County, Utah",2427
"Beaverhead County, Montana",2137
"Becker County, Minnesota",775
"Beckham County, Oklahoma",892
"Bedford City County, Virginia",2431
"Bedford County, Pennsylvania",596
"Bedford County, Tennessee",1567
"Bedford County, Virginia",479
"Bee County, Texas",2183
"Belknap County, New Hampshire",1480
"Bell County, Kentucky",2189
"Bell County, Texas",1214
"Belmont County, Ohio",471
"Beltrami County, Minnesota",645
"Ben Hill County, Georgia",2080
"Benewah County, Idaho",2136
"Bennett County, South Dakota",2986
"Bennington County, Vermont",722
"Benson County, North Dakota",2907
"Bent County, Colorado",2776
"Benton County, Arkansas",191
"Benton County, Iowa",1778
"Benton County, Indiana",2381
"Benton County, Minnesota",1628
"Benton County, Missouri",1875
"Benton County, Mississippi",2683
"Benton County, Oregon",420
"Benton County, Tennessee",1913
"Benton County, Washington",235
"Benzie County, Michigan",1896
"Bergen County, New Jersey",39
"Berkeley County, South Carolina",232
"Berkeley County, West Virginia",1359
"Berks County, Pennsylvania",119
"Berkshire County, Massachusetts",306
"Bernalillo County, New Mexico",1182
"Berrien County, Georgia",1872
"Berrien County, Michigan",1287
"Bertie County, North Carolina",2235
"Bexar County, Texas",1161
"Bibb County, Alabama",2219
"Bibb County, Georgia",1288
"Bienville County, Louisiana",2702
"Big Horn County, Montana",2859
"Big Horn County, Wyoming",2123
"Big Stone County, Minnesota",2555
"Billings County, North Dakota",3079
"Bingham County, Idaho",1563
"Black Hawk County, Iowa",307
"Blackford County, Indiana",2113
"Bladen County, North Carolina",2176
"Blaine County, Idaho",1848
"Blaine County, Montana",2908
"Blaine County, Nebraska",2837
"Blaine County, Oklahoma",1045
"Blair County, Pennsylvania",312
"Blanco County, Texas",1963
"Bland County, Virginia",1116
"Bleckley County, Georgia",2526
"Bledsoe County, Tennessee",1949
"Blount County, Alabama",1490
"Blount County, Tennessee",319
"Blue Earth County, Minnesota",502
"Boise County, Idaho",2143
"Bolivar County, Mississippi",2177
"Bollinger County, Missouri",2329
"Bond County, Illinois",1894
"Bonner County, Idaho",1605
"Bonneville County, Idaho",1358
"Boone County, Arkansas",726
"Boone County, Iowa",830
"Boone County, Illinois",1507
"Boone County, Indiana",1493
"Boone County, Kentucky",327
"Boone County, Missouri",1281
"Boone County, Nebraska",2786
"Boone County, West Virginia",2050
"Borden County, Texas",3083
"Bosque County, Texas",1886
"Bossier County, Louisiana",1335
"Botetourt County, Virginia",764
"Bottineau County, North Dakota",2564
"Boulder County, Colorado",155
"Boundary County, Idaho",2126
"Bourbon County, Kansas",2515
"Bourbon County, Kentucky",927
"Bowie County, Texas",1378
"Bowman County, North Dakota",3000
"Box Butte County, Nebraska",2584
"Box Elder County, Utah",1528
"Boyd County, Kentucky",1533
"Boyd County, Nebraska",2813
"Boyle County, Kentucky",1748
"Bracken County, Kentucky",2604
"Bradford County, Florida",1746
"Bradford County, Pennsylvania",509
"Bradley County, Arkansas",1049
"Bradley County, Tennessee",377
"Branch County, Michigan",1565
"Brantley County, Georgia",2257
"Braxton County, West Virginia",2296
"Brazoria County, Texas",1213
"Brazos County, Texas",1258
"Breathitt County, Kentucky",2730
"Breckinridge County, Kentucky",925
"Bremer County, Iowa",861
"Brevard County, Florida",1188
"Brewster County, Texas",2372
"Briscoe County, Texas",3061
"Bristol City County, Virginia",949
"Bristol County, Massachusetts",80
"Bristol County, Rhode Island",595
"Broadwater County, Montana",2146
"Bronx County, New York",20
"Brooke County, West Virginia",2053
"Brookings County, South Dakota",2181
"Brooks County, Georgia",2276
"Brooks County, Texas",2686
"Broome County, New York",211
"Broomfield County, Colorado",550
"Broward County, Florida",1160
"Brown County, Illinois",2903
"Brown County, Indiana",1928
"Brown County, Kansas",2358
"Brown County, Minnesota",1785
"Brown County, Nebraska",2803
"Brown County, Ohio",642
"Brown County, South Dakota",1648
"Brown County, Texas",1631
"Brown County, Wisconsin",177
"Brule County, South Dakota",2936
"Brunswick County, North Carolina",352
"Brunswick County, Virginia",957
"Bryan County, Georgia",1728
"Bryan County, Oklahoma",665
"Buchanan County, Iowa",906
"Buchanan County, Missouri",1384
"Buchanan County, Virginia",2052
"Buckingham County, Virginia",1902
"Bucks County, Pennsylvania",71
"Buena Vista City County, Virginia",1119
"Buena Vista County, Iowa",2071
"Buffalo County, Nebraska",627
"Buffalo County, Wisconsin",1025
"Bullitt County, Kentucky",1427
"Bulloch County, Georgia",1439
"Bullock County, Alabama",2741
"Buncombe County, North Carolina",182
"Bureau County, Illinois",1673
"Burke County, Georgia",2058
"Burke County, North Carolina",403
"Burke County, North Dakota",3049
"Burleigh County, North Dakota",1403
"Burleson County, Texas",2844
"Burlington County, New Jersey",105
"Burnet County, Texas",1588
"Burnett County, Wisconsin",990
"Burt County, Nebraska",1115
"Butler County, Alabama",907
"Butler County, Iowa",1001
"Butler County, Kansas",1457
"Butler County, Kentucky",2580
"Butler County, Missouri",1587
"Butler County, Nebraska",2605
"Butler County, Ohio",129
"Butler County, Pennsylvania",225
"Butte County, California",192
"Butte County, Idaho",3013
"Butte County, South Dakota",2355
"Butts County, Georgia",1817
"Cabarrus County, North Carolina",231
"Cabell County, West Virginia",1369
"Cabo Rojo County, Puerto Rico",2159
"Cache County, Utah",1340
"Caddo County, Louisiana",1237
"Caddo County, Oklahoma",2029
"Caguas County, Puerto Rico",2149
"Calaveras County, California",634
"Calcasieu County, Louisiana",1259
"Caldwell County, Kentucky",2316
"Caldwell County, Louisiana",2708
"Caldwell County, Missouri",2366
"Caldwell County, North Carolina",425
"Caldwell County, Texas",1632
"Caledonia County, Vermont",786
"Calhoun County, Alabama",328
"Calhoun County, Arkansas",2787
"Calhoun County, Florida",2519
"Calhoun County, Georgia",2774
"Calhoun County, Iowa",1078
"Calhoun County, Illinois",2790
"Calhoun County, Michigan",1313
"Calhoun County, Mississippi",2847
"Calhoun County, South Carolina",995
"Calhoun County, Texas",1847
"Calhoun County, West Virginia",2413
"Callahan County, Texas",2309
"Callaway County, Missouri",1575
"Calloway County, Kentucky",1639
"Calumet County, Wisconsin",603
"Calvert County, Maryland",411
"Camas County, Idaho",3073
"Cambria County, Pennsylvania",288
"Camden County, Georgia",1526
"Camden County, Missouri",1576
"Camden County, North Carolina",1076
"Camden County, New Jersey",91
"Cameron County, Louisiana",3088
"Cameron County, Pennsylvania",2659
"Cameron County, Texas",1201
"Camp County, Texas",2328
"Campbell County, Kentucky",404
"Campbell County, Tennessee",1607
"Campbell County, Virginia",559
"Campbell County, Wyoming",1558
"Camuy County, Puerto Rico",2557
"Canadian County, Oklahoma",336
"Candler County, Georgia",2125
"Cannon County, Tennessee",1021
"Canyon County, Idaho",1263
"Cape Girardeau County, Missouri",1419
"Cape May County, New Jersey",383
"Carbon County, Montana",2002
"Carbon County, Pennsylvania",496
"Carbon County, Utah",2232
"Carbon County, Wyoming",1921
"Caribou County, Idaho",2902
"Carlisle County, Kentucky",2789
"Carlton County, Minnesota",741
"Carolina County, Puerto Rico",2007
"Caroline County, Maryland",768
"Caroline County, Virginia",809
"Carroll County, Arkansas",819
"Carroll County, Georgia",1346
"Carroll County, Iowa",2068
"Carroll County, Illinois",1927
"Carroll County, Indiana",1864
"Carroll County, Kentucky",2346
"Carroll County, Maryland",243
"Carroll County, Missouri",2370
"Carroll County, Mississippi",2866
"Carroll County, New Hampshire",1541
"Carroll County, Ohio",800
"Carroll County, Tennessee",1745
"Carroll County, Virginia",792
"Carson City County, Nevada",555
"Carson County, Texas",2914
"Carter County, Kentucky",2042
"Carter County, Missouri",2430
"Carter County, Montana",3072
"Carter County, Oklahoma",612
"Carter County, Tennessee",543
"Carteret County, North Carolina",488
"Carver County, Minnesota",402
"Cascade County, Montana",1402
"Casey County, Kentucky",2280
"Cass County, Iowa",1017
"Cass County, Illinois",2308
"Cass County, Indiana",1983
"Cass County, Michigan",1518
"Cass County, Minnesota",807
"Cass County, Missouri",1365
"Cass County, North Dakota",1293
"Cass County, Nebraska",844
"Cass County, Texas",1726
"Cassia County, Idaho",2217
"Castro County, Texas",2887
"Caswell County, North Carolina",864
"Catahoula County, Louisiana",2707
"Catawba County, North Carolina",271
"Catoosa County, Georgia",1466
"Catron County, New Mexico",2448
"Cattaraugus County, New York",433
"Cayey County, Puerto Rico",2558
"Cayuga County, New York",434
"Cecil County, Maryland",371
"Cedar County, Iowa",2076
"Cedar County, Missouri",1941
"Cedar County, Nebraska",2599
"Centre County, Pennsylvania",272
"Cerro Gordo County, Iowa",648
"Chaffee County, Colorado",951
"Chambers County, Alabama",754
"Chambers County, Texas",1669
"Champaign County, Illinois",1253
"Champaign County, Ohio",692
"Charles City County, Virginia",1111
"Charles County, Maryland",285
"Charleston County, South Carolina",135
"Charlevoix County, Michigan",1783
"Charlotte County, Florida",1283
"Charlotte County, Virginia",2732
"Charlottesville City County, Virginia",1581
"Charlton County, Georgia",2734
"Chase County, Kansas",3017
"Chase County, Nebraska",2797
"Chatham County, Georgia",1234
"Chatham County, North Carolina",1469
"Chattahoochee County, Georgia",2738
"Chattooga County, Georgia",2199
"Chautauqua County, Kansas",2980
"Chautauqua County, New York",298
"Chaves County, New Mexico",1458
"Cheatham County, Tennessee",701
"Cheboygan County, Michigan",1776
"Chelan County, Washington",466
"Chemung County, New York",408
"Chenango County, New York",589
"Cherokee County, Alabama",834
"Cherokee County, Georgia",1248
"Cherokee County, Iowa",2528
"Cherokee County, Kansas",2065
"Cherokee County, North Carolina",820
"Cherokee County, Oklahoma",617
"Cherokee County, South Carolina",554
"Cherokee County, Texas",1525
"Cherry County, Nebraska",2785
"Chesapeake City County, Virginia",190
"Cheshire County, New Hampshire",1413
"Chester County, Pennsylvania",94
"Chester County, South Carolina",765
"Chester County, Tennessee",964
"Chesterfield County, South Carolina",621
"Chesterfield County, Virginia",144
"Cheyenne County, Colorado",1153
"Cheyenne County, Kansas",3019
"Cheyenne County, Nebraska",2131
"Chickasaw County, Iowa",2643
"Chickasaw County, Mississippi",2666
"Chicot County, Arkansas",2583
"Childress County, Texas",2901
"Chilton County, Alabama",652
"Chippewa County, Michigan",704
"Chippewa County, Minnesota",2527
"Chippewa County, Wisconsin",512
"Chisago County, Minnesota",564
"Chittenden County, Vermont",268
"Choctaw County, Alabama",2852
"Choctaw County, Mississippi",2882
"Choctaw County, Oklahoma",2097
"Chouteau County, Montana",2924
"Chowan County, North Carolina",1934
"Christian County, Illinois",2023
"Christian County, Kentucky",460
"Christian County, Missouri",1410
"Churchill County, Nevada",847
"Cibola County, New Mexico",2469
"Cidra County, Puerto Rico",2559
"Cimarron County, Oklahoma",1151
"Citrus County, Florida",1303
"Clackamas County, Oregon",125
"Claiborne County, Louisiana",2698
"Claiborne County, Mississippi",2878
"Claiborne County, Tennessee",1712
"Clallam County, Washington",1434
"Clare County, Michigan",1723
"Clarendon County, South Carolina",744
"Clarion County, Pennsylvania",695
"Clark County, Arkansas",876
"Clark County, Illinois",2509
"Clark County, Indiana",1347
"Clark County, Kansas",3041
"Clark County, Kentucky",1661
"Clark County, Missouri",2898
"Clark County, Nevada",10
"Clark County, Ohio",292
"Clark County, South Dakota",2978
"Clark County, Washington",113
"Clark County, Wisconsin",1677
"Clarke County, Alabama",836
"Clarke County, Georgia",1336
"Clarke County, Iowa",2650
"Clarke County, Mississippi",2668
"Clarke County, Virginia",1014
"Clatsop County, Oregon",723
"Clay County, Alabama",2301
"Clay County, Arkansas",2278
"Clay County, Florida",1260
"Clay County, Georgia",2801
"Clay County, Iowa",969
"Clay County, Illinois",2463
"Clay County, Indiana",1768
"Clay County, Kansas",2389
"Clay County, Kentucky",2720
"Clay County, Minnesota",536
"Clay County, Missouri",1246
"Clay County, Mississippi",2070
"Clay County, North Carolina",1067
"Clay County, Nebraska",2613
"Clay County, Tennessee",2405
"Clay County, Texas",2347
"Clay County, West Virginia",2369
"Clayton County, Georgia",1236
"Clayton County, Iowa",2078
"Clear Creek County, Colorado",1087
"Clearfield County, Pennsylvania",430
"Clearwater County, Idaho",2383
"Clearwater County, Minnesota",2543
"Cleburne County, Alabama",2516
"Cleburne County, Arkansas",835
"Clermont County, Ohio",214
"Cleveland County, Arkansas",1093
"Cleveland County, North Carolina",382
"Cleveland County, Oklahoma",172
"Clinch County, Georgia",2772
"Clinton County, Iowa",602
"Clinton County, Illinois",1635
"Clinton County, Indiana",1985
"Clinton County, Kentucky",2353
"Clinton County, Michigan",1423
"Clinton County, Missouri",1856
"Clinton County, New York",429
"Clinton County, Ohio",672
"Clinton County, Pennsylvania",699
"Cloud County, Kansas",2364
"Coahoma County, Mississippi",2664
"Coal County, Oklahoma",1128
"Coamo County, Puerto Rico",2565
"Cobb County, Georgia",1179
"Cochise County, Arizona",305
"Cochran County, Texas",3001
"Cocke County, Tennessee",1659
"Coconino County, Arizona",300
"Codington County, South Dakota",2484
"Coffee County, Alabama",594
"Coffee County, Georgia",2013
"Coffee County, Tennessee",1514
"Coffey County, Kansas",2387
"Coke County, Texas",2993
"Colbert County, Alabama",561
"Cole County, Missouri",1418
"Coleman County, Texas",2682
"Coles County, Illinois",1508
"Colfax County, Nebraska",1069
"Colfax County, New Mexico",1997
"Colleton County, South Carolina",703
"Collier County, Florida",1212
"Collin County, Texas",54
"Collingsworth County, Texas",3006
"Colonial Heights City County, Virginia",959
"Colorado County, Texas",2494
"Colquitt County, Georgia",2170
"Columbia County, Arkansas",854
"Columbia County, Florida",1451
"Columbia County, Georgia",1326
"Columbia County, New York",507
"Columbia County, Oregon",599
"Columbia County, Pennsylvania",482
"Columbia County, Washington",2556
"Columbia County, Wisconsin",544
"Columbiana County, Ohio",347
"Columbus County, North Carolina",540
"Colusa County, California",898
"Comal County, Texas",1351
"Comanche County, Kansas",3053
"Comanche County, Oklahoma",318
"Comanche County, Texas",2300
"Concho County, Texas",2968
"Concordia County, Louisiana",2495
"Conecuh County, Alabama",1030
"Conejos County, Colorado",2400
"Contra Costa County, California",27
"Converse County, Wyoming",2108
"Conway County, Arkansas",899
"Cook County, Georgia",1900
"Cook County, Illinois",1156
"Cook County, Minnesota",1977
"Cooke County, Texas",1629
"Cooper County, Missouri",3092
"Coos County, New Hampshire",1697
"Coos County, Oregon",508
"Coosa County, Alabama",2530
"Copiah County, Mississippi",2187
"Cortland County, New York",600
"Coryell County, Texas",1422
"Coshocton County, Ohio",727
"Costilla County, Colorado",2450
"Cotton County, Oklahoma",1124
"Cottonwood County, Minnesota",2335
"Covington City County, Virginia",2618
"Covington County, Alabama",715
"Covington County, Mississippi",2246
"Coweta County, Georgia",1325
"Cowley County, Kansas",1651
"Cowlitz County, Washington",362
"Craig County, Oklahoma",1930
"Craig County, Virginia",1135
"Craighead County, Arkansas",385
"Crane County, Texas",2958
"Craven County, North Carolina",359
"Crawford County, Arkansas",515
"Crawford County, Georgia",2325
"Crawford County, Iowa",965
"Crawford County, Illinois",2498
"Crawford County, Indiana",1065
"Crawford County, Kansas",1623
"Crawford County, Michigan",1940
"Crawford County, Missouri",1807
"Crawford County, Ohio",651
"Crawford County, Pennsylvania",409
"Crawford County, Wisconsin",1910
"Creek County, Oklahoma",473
"Crenshaw County, Alabama",1019
"Crisp County, Georgia",2056
"Crittenden County, Arkansas",588
"Crittenden County, Kentucky",2596
"Crockett County, Tennessee",2295
"Crook County, Oregon",904
"Crook County, Wyoming",2420
"Crosby County, Texas",2918
"Cross County, Arkansas",948
"Crow Wing County, Minnesota",1474
"Crowley County, Colorado",2782
"Cullman County, Alabama",1405
"Culpeper County, Virginia",622
"Cumberland County, Illinois",2646
"Cumberland County, Kentucky",2425
"Cumberland County, Maine",161
"Cumberland County, North Carolina",142
"Cumberland County, New Jersey",267
"Cumberland County, Pennsylvania",184
"Cumberland County, Tennessee",1495
"Cumberland County, Virginia",2471
"Cuming County, Nebraska",1085
"Currituck County, North Carolina",867
"Curry County, New Mexico",1540
"Curry County, Oregon",886
"Custer County, Colorado",1978
"Custer County, Idaho",2147
"Custer County, Montana",2334
"Custer County, Nebraska",2587
"Custer County, Oklahoma",2045
"Custer County, South Dakota",2401
"Cuyahoga County, Ohio",22
"Dade County, Georgia",1911
"Dade County, Missouri",2545
"Daggett County, Utah",3074
"Dakota County, Minnesota",121
"Dakota County, Nebraska",902
"Dale County, Alabama",591
"Dallam County, Texas",2905
"Dallas County, Alabama",650
"Dallas County, Arkansas",1097
"Dallas County, Iowa",491
"Dallas County, Missouri",1906
"Dallas County, Texas",6
"Dane County, Wisconsin",98
"Daniels County, Montana",3055
"Danville City County, Virginia",660
"Dare County, North Carolina",756
"Darke County, Ohio",568
"Darlington County, South Carolina",478
"Dauphin County, Pennsylvania",167
"Davidson County, North Carolina",251
"Davidson County, Tennessee",69
"Davie County, North Carolina",684
"Daviess County, Indiana",1717
"Daviess County, Kentucky",1368
"Daviess County, Missouri",3096
"Davis County, Iowa",1091
"Davis County, Utah",1216
"Dawes County, Nebraska",2598
"Dawson County, Georgia",1830
"Dawson County, Montana",2376
"Dawson County, Nebraska",859
"Dawson County, Texas",2853
"Day County, South Dakota",2927
"De Baca County, New Mexico",3046
"De Kalb County, Alabama",1436
"De Kalb County, Illinois",2566
"De Kalb County, Indiana",1591
"De Soto County, Florida",1674
"De Soto County, Louisiana",2197
"De Witt County, Texas",2241
"DeKalb County, Illinois",1357
"DeKalb County, Missouri",3093
"DeSoto County, Mississippi",256
"Deaf Smith County, Texas",2248
"Dearborn County, Indiana",593
"Decatur County, Georgia",2040
"Decatur County, Iowa",1095
"Decatur County, Indiana",1789
"Decatur County, Kansas",3012
"Decatur County, Tennessee",1955
"Deer Lodge County, Montana",2135
"Defiance County, Ohio",702
"Dekalb County, Georgia",1178
"Dekalb County, Tennessee",1879
"Del Norte County, California",805
"Delaware County, Iowa",953
"Delaware County, Indiana",1333
"Delaware County, New York",609
"Delaware County, Ohio",237
"Delaware County, Oklahoma",679
"Delaware County, Pennsylvania",79
"Delta County, Colorado",787
"Delta County, Michigan",1642
"Delta County, Texas",2689
"Dent County, Missouri",1996
"Denton County, Texas",65
"Denver County, Colorado",76
"Des Moines County, Iowa",690
"Deschutes County, Oregon",266
"Desha County, Arkansas",2579
"Deuel County, Nebraska",2819
"Dewey County, Oklahoma",2629
"Dewitt County, Illinois",2506
"Dickens County, Texas",3031
"Dickenson County, Virginia",981
"Dickey County, North Dakota",2711
"Dickinson County, Iowa",970
"Dickinson County, Kansas",1868
"Dickinson County, Michigan",2048
"Dickson County, Tennessee",597
"Dillon County, South Carolina",2479
"Dimmit County, Texas",2875
"Dinwiddie County, Virginia",1757
#N/A,75
"Divide County, North Dakota",3045
"Dixie County, Florida",1914
"Dixon County, Nebraska",1127
"Doddridge County, West Virginia",2652
"Dodge County, Georgia",2492
"Dodge County, Minnesota",923
"Dodge County, Nebraska",1646
"Dodge County, Wisconsin",410
"Dolores County, Colorado",2814
"Dona Ana County, New Mexico",1251
"Doniphan County, Kansas",2888
"Donley County, Texas",2979
"Dooly County, Georgia",2289
"Door County, Wisconsin",816
"Dorchester County, Maryland",774
"Dorchester County, South Carolina",296
"Dougherty County, Georgia",1374
"Douglas County, Colorado",158
"Douglas County, Georgia",1316
"Douglas County, Illinois",1865
"Douglas County, Kansas",1344
"Douglas County, Minnesota",738
"Douglas County, Missouri",2109
"Douglas County, Nebraska",89
"Douglas County, Nevada",616
"Douglas County, Oregon",349
"Douglas County, South Dakota",3009
"Douglas County, Washington",706
"Douglas County, Wisconsin",647
"Drew County, Arkansas",939
"Du Page County, Illinois",1169
"Dubois County, Indiana",1597
"Dubuque County, Iowa",393
"Duchesne County, Utah",2255
"Dukes County, Massachusetts",971
"Dundy County, Nebraska",2817
"Dunklin County, Missouri",2182
"Dunn County, North Dakota",2982
"Dunn County, Wisconsin",1578
"Duplin County, North Carolina",539
"Durham County, North Carolina",1232
"Dutchess County, New York",153
"Duval County, Florida",1172
"Duval County, Texas",2861
"Dyer County, Tennessee",2173
"Eagle County, Colorado",577
"Early County, Georgia",2585
"East Baton Rouge County, Louisiana",1196
"East Carroll County, Louisiana",2893
"East Feliciana County, Louisiana",2697
"Eastland County, Texas",1880
"Eaton County, Michigan",1354
"Eau Claire County, Wisconsin",379
"Echols County, Georgia",2795
"Ector County, Texas",1311
"Eddy County, North Dakota",3034
"Eddy County, New Mexico",1509
"Edgar County, Illinois",2499
"Edgecombe County, North Carolina",547
"Edgefield County, South Carolina",824
"Edmonson County, Kentucky",2118
"Edwards County, Illinois",1117
"Edwards County, Kansas",3007
"Edwards County, Texas",3047
"Effingham County, Georgia",1521
"Effingham County, Illinois",1680
"El Dorado County, California",229
"El Paso County, Colorado",72
"El Paso County, Texas",1175
"Elbert County, Colorado",875
"Elbert County, Georgia",1863
"Elk County, Kansas",3015
"Elk County, Pennsylvania",781
"Elkhart County, Indiana",1256
"Elko County, Nevada",606
"Elliott County, Kentucky",2763
"Ellis County, Kansas",1747
"Ellis County, Oklahoma",1141
"Ellis County, Texas",280
"Ellsworth County, Kansas",2428
"Elmore County, Alabama",436
"Elmore County, Idaho",1767
"Emanuel County, Georgia",2222
"Emery County, Utah",2532
"Emmet County, Iowa",2648
"Emmet County, Michigan",1705
"Emmons County, North Dakota",2714
"Emporia City County, Virginia",2780
"Erath County, Texas",1634
"Erie County, New York",37
"Erie County, Ohio",447
"Erie County, Pennsylvania",162
"Escambia County, Alabama",709
"Escambia County, Florida",1217
"Esmeralda County, Nevada",1155
"Essex County, Massachusetts",56
"Essex County, New Jersey",53
"Essex County, New York",698
"Essex County, Virginia",1055
"Essex County, Vermont",1122
"Estill County, Kentucky",2576
"Etowah County, Alabama",358
"Eureka County, Nevada",2818
"Evangeline County, Louisiana",2178
"Evans County, Georgia",2344
"Fairbanks North Star County, Alaska",1367
"Fairfax City County, Virginia",884
"Fairfax County, Virginia",26
"Fairfield County, Connecticut",38
"Fairfield County, Ohio",286
"Fairfield County, South Carolina",862
"Fajardo County, Puerto Rico",2153
"Fall River County, South Dakota",3097
"Fallon County, Montana",3014
"Falls Church City County, Virginia",1040
"Falls County, Texas",2262
"Fannin County, Georgia",1816
"Fannin County, Texas",1683
"Faribault County, Minnesota",1004
"Faulkner County, Arkansas",343
"Fauquier County, Virginia",497
"Fayette County, Alabama",2568
"Fayette County, Georgia",1356
"Fayette County, Iowa",909
"Fayette County, Illinois",1832
"Fayette County, Indiana",2205
"Fayette County, Kentucky",154
"Fayette County, Ohio",798
"Fayette County, Pennsylvania",295
"Fayette County, Tennessee",707
"Fayette County, Texas",2204
"Fayette County, West Virginia",2012
"Fentress County, Tennessee",1890
"Fergus County, Montana",1998
"Ferry County, Washington",2414
"Fillmore County, Minnesota",1854
"Fillmore County, Nebraska",2619
"Finney County, Kansas",2019
"Fisher County, Texas",2971
"Flagler County, Florida",1372
"Flathead County, Montana",1380
"Fleming County, Kentucky",2103
"Florence County, South Carolina",294
"Florence County, Wisconsin",2442
"Floyd County, Georgia",1371
"Floyd County, Iowa",2572
"Floyd County, Indiana",1425
"Floyd County, Kentucky",2015
"Floyd County, Texas",2911
"Floyd County, Virginia",994
"Fluvanna County, Virginia",838
"Foard County, Texas",3066
"Fond du Lac County, Wisconsin",365
"Ford County, Illinois",1939
"Ford County, Kansas",2025
"Forest County, Pennsylvania",2410
"Forest County, Wisconsin",1970
"Forrest County, Mississippi",1424
"Forsyth County, Georgia",1272
"Forsyth County, North Carolina",134
"Fort Bend County, Texas",1186
"Foster County, North Dakota",2992
"Fountain County, Indiana",2265
"Franklin City County, Virginia",1094
"Franklin County, Alabama",783
"Franklin County, Arkansas",2259
"Franklin County, Florida",1957
"Franklin County, Georgia",1834
"Franklin County, Iowa",1066
"Franklin County, Idaho",2320
"Franklin County, Illinois",1617
"Franklin County, Indiana",874
"Franklin County, Kansas",1782
"Franklin County, Kentucky",1535
"Franklin County, Louisiana",2696
"Franklin County, Massachusetts",469
"Franklin County, Maine",790
"Franklin County, Missouri",369
"Franklin County, Mississippi",2886
"Franklin County, North Carolina",524
"Franklin County, Nebraska",2632
"Franklin County, New York",579
"Franklin County, Ohio",24
"Franklin County, Pennsylvania",279
"Franklin County, Tennessee",1604
"Franklin County, Texas",1962
"Franklin County, Virginia",549
"Franklin County, Vermont",611
"Franklin County, Washington",441
"Frederick County, Maryland",186
"Frederick County, Virginia",439
"Fredericksburg City County, Virginia",860
"Freeborn County, Minnesota",1721
"Freestone County, Texas",1867
"Fremont County, Colorado",620
"Fremont County, Iowa",1104
"Fremont County, Idaho",1947
"Fremont County, Wyoming",1612
"Fresno County, California",34
"Frio County, Texas",2667
"Frontier County, Nebraska",2808
"Fulton County, Arkansas",2330
"Fulton County, Georgia",1168
"Fulton County, Illinois",1643
"Fulton County, Indiana",1993
"Fulton County, Kentucky",2549
"Fulton County, New York",552
"Fulton County, Ohio",663
"Fulton County, Pennsylvania",2290
"Furnas County, Nebraska",2626
"Gadsden County, Florida",1554
"Gage County, Nebraska",888
"Gaines County, Texas",2082
"Galax City County, Virginia",2421
"Gallatin County, Illinois",2658
"Gallatin County, Kentucky",2602
"Gallatin County, Montana",1382
"Gallia County, Ohio",788
"Galveston County, Texas",1222
"Garden County, Nebraska",2815
"Garfield County, Colorado",548
"Garfield County, Montana",3070
"Garfield County, Nebraska",2816
"Garfield County, Oklahoma",526
"Garfield County, Utah",2439
"Garfield County, Washington",1152
"Garland County, Arkansas",387
"Garrard County, Kentucky",1904
"Garrett County, Maryland",791
"Garvin County, Oklahoma",818
"Garza County, Texas",2910
"Gasconade County, Missouri",1929
"Gaston County, North Carolina",203
"Gates County, North Carolina",1042
"Geary County, Kansas",1679
"Geauga County, Ohio",394
"Gem County, Idaho",1908
"Genesee County, Michigan",1198
"Genesee County, New York",529
"Geneva County, Alabama",826
"George County, Mississippi",2061
"Georgetown County, South Carolina",528
"Gibson County, Indiana",1687
"Gibson County, Tennessee",1531
"Gila County, Arizona",565
"Gilchrist County, Florida",2087
"Giles County, Tennessee",1734
"Giles County, Virginia",1899
"Gillespie County, Texas",1803
"Gilliam County, Oregon",2820
"Gilmer County, Georgia",1751
"Gilmer County, West Virginia",2601
"Gilpin County, Colorado",1133
"Glacier County, Montana",2856
"Glades County, Florida",2318
"Gladwin County, Michigan",1790
"Glascock County, Georgia",2804
"Glasscock County, Texas",3069
"Glenn County, California",814
"Gloucester County, New Jersey",156
"Gloucester County, Virginia",728
"Glynn County, Georgia",1407
"Gogebic County, Michigan",2275
"Golden Valley County, Montana",3077
"Golden Valley County, North Dakota",3059
"Goliad County, Texas",2687
"Gonzales County, Texas",2841
"Goochland County, Virginia",896
"Goodhue County, Minnesota",626
"Gooding County, Idaho",1925
"Gordon County, Georgia",1502
"Goshen County, Wyoming",2112
"Gosper County, Nebraska",2634
"Gove County, Kansas",3021
"Grady County, Georgia",2049
"Grady County, Oklahoma",572
"Grafton County, New Hampshire",1385
"Graham County, Arizona",720
"Graham County, Kansas",3023
"Graham County, North Carolina",1090
"Grainger County, Tennessee",880
"Grand Forks County, North Dakota",1455
"Grand Isle County, Vermont",1114
"Grand Traverse County, Michigan",1388
"Grand County, Colorado",1002
"Grand County, Utah",2373
"Granite County, Montana",3004
"Grant County, Arkansas",2263
"Grant County, Indiana",1440
"Grant County, Kansas",2408
"Grant County, Kentucky",1808
"Grant County, Louisiana",2490
"Grant County, Minnesota",2551
"Grant County, North Dakota",3033
"Grant County, Nebraska",2835
"Grant County, New Mexico",1733
"Grant County, Oklahoma",1137
"Grant County, Oregon",1103
"Grant County, South Dakota",2547
"Grant County, Washington",406
"Grant County, Wisconsin",584
"Grant County, West Virginia",2122
"Granville County, North Carolina",530
"Gratiot County, Michigan",1589
"Graves County, Kentucky",2017
"Gray County, Kansas",2921
"Gray County, Texas",2062
"Grays Harbor County, Washington",465
"Grayson County, Kentucky",1788
"Grayson County, Texas",1331
"Grayson County, Virginia",988
"Greeley County, Kansas",3068
"Greeley County, Nebraska",2809
"Green Lake County, Wisconsin",933
"Green County, Kentucky",2340
"Green County, Wisconsin",1644
"Greenbrier County, West Virginia",1665
"Greene County, Alabama",2752
"Greene County, Arkansas",671
"Greene County, Georgia",1919
"Greene County, Iowa",1083
"Greene County, Illinois",2522
"Greene County, Indiana",1986
"Greene County, Missouri",1227
"Greene County, Mississippi",2671
"Greene County, North Carolina",2234
"Greene County, New York",601
"Greene County, Ohio",254
"Greene County, Pennsylvania",2468
"Greene County, Tennessee",1447
"Greene County, Virginia",1883
"Greenlee County, Arizona",1096
"Greensville County, Virginia",1041
"Greenup County, Kentucky",725
"Greenville County, South Carolina",104
"Greenwood County, Kansas",2426
"Greenwood County, South Carolina",474
"Greer County, Oklahoma",1123
"Gregg County, Texas",1328
"Grenada County, Mississippi",2063
"Griggs County, North Dakota",3032
"Grimes County, Texas",1770
"Grundy County, Iowa",1037
"Grundy County, Illinois",1527
"Grundy County, Missouri",2354
"Grundy County, Tennessee",2305
"Guadalupe County, New Mexico",2951
"Guadalupe County, Texas",1320
"Guaynabo County, Puerto Rico",2155
"Guernsey County, Ohio",693
"Guilford County, North Carolina",1193
"Gulf County, Florida",1922
"Gunnison County, Colorado",993
"Gurabo County, Puerto Rico",2150
"Guthrie County, Iowa",1060
"Gwinnett County, Georgia",1174
"Habersham County, Georgia",1584
"Hale County, Alabama",2281
"Hale County, Texas",2021
"Halifax County, North Carolina",560
"Halifax County, Virginia",735
"Hall County, Georgia",1269
"Hall County, Nebraska",538
"Hall County, Texas",2991
"Hamblen County, Tennessee",510
"Hamilton County, Florida",2101
"Hamilton County, Iowa",2283
"Hamilton County, Illinois",2651
"Hamilton County, Indiana",1228
"Hamilton County, Kansas",3022
"Hamilton County, Nebraska",1086
"Hamilton County, New York",1136
"Hamilton County, Ohio",49
"Hamilton County, Tennessee",1209
"Hamilton County, Texas",2391
"Hamlin County, South Dakota",2923
"Hampden County, Massachusetts",103
"Hampshire County, Massachusetts",265
"Hampshire County, West Virginia",1990
"Hampton City County, Virginia",293
"Hampton County, South Carolina",2238
"Hancock County, Georgia",1969
"Hancock County, Iowa",2645
"Hancock County, Illinois",2722
"Hancock County, Indiana",1441
"Hancock County, Kentucky",2603
"Hancock County, Maine",562
"Hancock County, Mississippi",1577
"Hancock County, Ohio",457
"Hancock County, West Virginia",1988
"Hand County, South Dakota",2985
"Hanover County, Virginia",372
"Hansford County, Texas",2930
"Haralson County, Georgia",1740
"Hardee County, Florida",2041
"Hardeman County, Tennessee",2192
"Hardeman County, Texas",2965
"Hardin County, Iowa",2636
"Hardin County, Illinois",2443
"Hardin County, Kentucky",356
"Hardin County, Ohio",780
"Hardin County, Tennessee",1780
"Hardin County, Texas",1504
"Harding County, New Mexico",3082
"Hardy County, West Virginia",2107
"Harford County, Maryland",178
"Harlan County, Kentucky",2031
"Harlan County, Nebraska",2631
"Harmon County, Oklahoma",1149
"Harnett County, North Carolina",338
"Harney County, Oregon",1105
"Harper County, Kansas",2919
"Harper County, Oklahoma",1146
"Harris County, Georgia",1714
"Harris County, Texas",1157
"Harrison County, Iowa",1000
"Harrison County, Indiana",1619
"Harrison County, Kentucky",1877
"Harrison County, Missouri",2881
"Harrison County, Mississippi",1264
"Harrison County, Ohio",982
"Harrison County, Texas",1459
"Harrison County, West Virginia",476
"Harrisonburg City County, Virginia",605
"Hart County, Georgia",1797
"Hart County, Kentucky",1887
"Hartford County, Connecticut",41
"Hartley County, Texas",2917
"Harvey County, Kansas",1678
"Haskell County, Kansas",2961
"Haskell County, Oklahoma",1036
"Haskell County, Texas",2554
"Hatillo County, Puerto Rico",2560
"Hawaii County, Hawaii",224
"Hawkins County, Tennessee",1492
"Hayes County, Nebraska",2827
"Hays County, Texas",1285
"Haywood County, North Carolina",535
"Haywood County, Tennessee",2252
"Heard County, Georgia",2331
"Hemphill County, Texas",2975
"Hempstead County, Arkansas",882
"Henderson County, Illinois",2768
"Henderson County, Kentucky",1555
"Henderson County, North Carolina",354
"Henderson County, Tennessee",1759
"Henderson County, Texas",1409
"Hendricks County, Indiana",1298
"Hendry County, Florida",1622
"Hennepin County, Minnesota",25
"Henrico County, Virginia",148
"Henry County, Alabama",960
"Henry County, Georgia",1252
"Henry County, Iowa",2635
"Henry County, Illinois",1981
"Henry County, Indiana",1534
"Henry County, Kentucky",1926
"Henry County, Missouri",1831
"Henry County, Ohio",812
"Henry County, Tennessee",1710
"Henry County, Virginia",563
"Herkimer County, New York",500
"Hernando County, Florida",1274
"Hertford County, North Carolina",851
"Hettinger County, North Dakota",3028
"Hickman County, Kentucky",2627
"Hickman County, Tennessee",850
"Hickory County, Missouri",2004
"Hidalgo County, New Mexico",2945
"Hidalgo County, Texas",1176
"Highland County, Ohio",653
"Highland County, Virginia",2451
"Highlands County, Florida",1366
"Hill County, Montana",2277
"Hill County, Texas",1670
"Hillsborough County, Florida",1163
"Hillsborough County, New Hampshire",1202
"Hillsdale County, Michigan",1552
"Hinds County, Mississippi",1242
"Hinsdale County, Colorado",2453
"Hitchcock County, Nebraska",1150
"Hocking County, Ohio",796
"Hockley County, Texas",2218
"Hodgeman County, Kansas",3050
"Hoke County, North Carolina",618
"Holmes County, Florida",2243
"Holmes County, Mississippi",2842
"Holmes County, Ohio",667
"Holt County, Missouri",2944
"Holt County, Nebraska",2589
"Honolulu County, Hawaii",31
"Hood River County, Oregon",887
"Hood County, Texas",1524
"Hooker County, Nebraska",2831
"Hopewell City County, Virginia",883
"Hopkins County, Kentucky",619
"Hopkins County, Texas",1668
"Horry County, South Carolina",166
"Hot Spring County, Arkansas",769
"Hot Springs County, Wyoming",2949
"Houghton County, Michigan",1647
"Houston County, Alabama",367
"Houston County, Georgia",1304
"Houston County, Minnesota",2251
"Houston County, Tennessee",2395
"Houston County, Texas",2212
"Howard County, Arkansas",1023
"Howard County, Iowa",1079
"Howard County, Indiana",1398
"Howard County, Maryland",157
"Howard County, Missouri",2873
"Howard County, Nebraska",2616
"Howard County, Texas",1672
"Howell County, Missouri",1610
"Hubbard County, Minnesota",1861
"Hudson County, New Jersey",67
"Hudspeth County, Texas",2983
"Huerfano County, Colorado",2144
"Hughes County, Oklahoma",1015
"Hughes County, South Dakota",3090
"Humacao County, Puerto Rico",2006
"Humboldt County, California",299
"Humboldt County, Iowa",2536
"Humboldt County, Nevada",972
"Humphreys County, Mississippi",2679
"Humphreys County, Tennessee",1881
"Hunt County, Texas",418
"Hunterdon County, New Jersey",311
"Huntingdon County, Pennsylvania",631
"Huntington County, Indiana",1641
"Huron County, Michigan",1695
"Huron County, Ohio",531
"Hutchinson County, Texas",2226
"Hyde County, North Carolina",2783
"Iberia County, Louisiana",1430
"Iberville County, Louisiana",2478
"Ida County, Iowa",2653
"Idaho County, Idaho",1917
"Imperial County, California",236
"Independence County, Arkansas",732
"Indian River County, Florida",1309
"Indiana County, Pennsylvania",407
"Ingham County, Michigan",1223
"Inyo County, California",938
"Ionia County, Michigan",1467
"Iosco County, Michigan",1786
"Iowa County, Iowa",973
"Iowa County, Wisconsin",865
"Iredell County, North Carolina",261
"Irion County, Texas",3062
"Iron County, Michigan",2332
"Iron County, Missouri",2348
"Iron County, Utah",1556
"Iron County, Wisconsin",1129
"Iroquois County, Illinois",1731
"Irwin County, Georgia",2363
"Isabela County, Puerto Rico",2154
"Isabella County, Michigan",1438
"Isanti County, Minnesota",713
"Island County, Washington",437
"Isle of Wight County, Virginia",1667
"Itasca County, Minnesota",638
"Itawamba County, Mississippi",2214
"Izard County, Arkansas",1943
"Jack County, Texas",2680
"Jackson County, Alabama",567
"Jackson County, Arkansas",2260
"Jackson County, Florida",1530
"Jackson County, Georgia",1478
"Jackson County, Iowa",2464
"Jackson County, Illinois",1479
"Jackson County, Indiana",1590
"Jackson County, Kansas",2314
"Jackson County, Kentucky",2312
"Jackson County, Louisiana",2699
"Jackson County, Michigan",1282
"Jackson County, Minnesota",2591
"Jackson County, Missouri",1181
"Jackson County, Mississippi",1305
"Jackson County, North Carolina",691
"Jackson County, Ohio",761
"Jackson County, Oklahoma",829
"Jackson County, Oregon",205
"Jackson County, Tennessee",2336
"Jackson County, Texas",2298
"Jackson County, Wisconsin",919
"Jackson County, West Virginia",2032
"James City County, Virginia",485
"Jasper County, Georgia",1942
"Jasper County, Iowa",729
"Jasper County, Illinois",2746
"Jasper County, Indiana",759
"Jasper County, Missouri",1334
"Jasper County, Mississippi",2266
"Jasper County, South Carolina",849
"Jasper County, Texas",1658
"Jay County, Indiana",2236
"Jeff Davis County, Georgia",2287
"Jeff Davis County, Texas",3035
"Jefferson Davis County, Louisiana",1718
"Jefferson Davis County, Mississippi",2673
"Jefferson County, Alabama",66
"Jefferson County, Arkansas",445
"Jefferson County, Colorado",86
"Jefferson County, Florida",2102
"Jefferson County, Georgia",2569
"Jefferson County, Iowa",966
"Jefferson County, Idaho",1777
"Jefferson County, Illinois",1624
"Jefferson County, Indiana",1708
"Jefferson County, Kansas",1874
"Jefferson County, Kentucky",57
"Jefferson County, Louisiana",1197
"Jefferson County, Missouri",194
"Jefferson County, Mississippi",2894
"Jefferson County, Montana",2000
"Jefferson County, Nebraska",2611
"Jefferson County, New York",334
"Jefferson County, Ohio",1442
"Jefferson County, Oklahoma",2615
"Jefferson County, Oregon",895
"Jefferson County, Pennsylvania",636
"Jefferson County, Tennessee",582
"Jefferson County, Texas",1238
"Jefferson County, Washington",793
"Jefferson County, Wisconsin",423
"Jefferson County, West Virginia",566
"Jenkins County, Georgia",2759
"Jennings County, Indiana",1744
"Jerome County, Idaho",1828
"Jersey County, Illinois",1825
"Jessamine County, Kentucky",607
"Jewell County, Kansas",3005
"Jim Hogg County, Texas",2935
"Jim Wells County, Texas",2014
"Jo Daviess County, Illinois",1826
"Johnson County, Arkansas",1791
"Johnson County, Georgia",2745
"Johnson County, Iowa",308
"Johnson County, Illinois",2116
"Johnson County, Indiana",1306
"Johnson County, Kansas",1187
"Johnson County, Kentucky",2057
"Johnson County, Missouri",1516
"Johnson County, Nebraska",2690
"Johnson County, Tennessee",1885
"Johnson County, Texas",276
"Johnson County, Wyoming",2388
"Johnston County, North Carolina",241
"Johnston County, Oklahoma",1059
"Jones County, Georgia",1743
"Jones County, Iowa",2240
"Jones County, Mississippi",1450
"Jones County, North Carolina",1074
"Jones County, Texas",2497
"Josephine County, Oregon",428
"Juab County, Utah",2870
"Judith Basin County, Montana",3044
"Juncos County, Puerto Rico",2455
"Juneau County, Alaska",1720
"Juneau County, Wisconsin",827
"Juniata County, Pennsylvania",852
"Kalamazoo County, Michigan",1239
"Kalkaska County, Michigan",1901
"Kanabec County, Minnesota",974
"Kanawha County, West Virginia",221
"Kandiyohi County, Minnesota",669
"Kane County, Illinois",1190
"Kane County, Utah",2142
"Kankakee County, Illinois",1339
"Karnes County, Texas",2848
"Kauai County, Hawaii",483
"Kaufman County, Texas",360
"Kay County, Oklahoma",624
"Kearney County, Nebraska",2614
"Kearny County, Kansas",2970
"Keith County, Nebraska",2397
"Kemper County, Mississippi",2867
"Kenai Peninsula County, Alaska",1501
"Kendall County, Illinois",1337
"Kendall County, Texas",1689
"Kenedy County, Texas",3085
"Kennebec County, Maine",323
"Kenosha County, Wisconsin",246
"Kent County, Delaware",252
"Kent County, Maryland",922
"Kent County, Michigan",1184
"Kent County, Rhode Island",247
"Kent County, Texas",3078
"Kenton County, Kentucky",260
"Keokuk County, Iowa",2351
"Kern County, California",44
"Kerr County, Texas",1532
"Kershaw County, South Carolina",518
"Ketchikan Gateway County, Alaska",2313
"Kewaunee County, Wisconsin",917
"Keweenaw County, Michigan",2812
"Keya Paha County, Nebraska",2828
"Kimball County, Nebraska",2630
"Kimble County, Texas",2952
"King George County, Virginia",866
"King William County, Virginia",978
"King and Queen County, Virginia",2769
"King County, Washington",11
"Kingfisher County, Oklahoma",998
"Kingman County, Kansas",2406
"Kings County, California",274
"Kings County, New York",5
"Kingsbury County, South Dakota",2939
"Kinney County, Texas",2981
"Kiowa County, Colorado",2824
"Kiowa County, Kansas",3025
"Kiowa County, Oklahoma",1081
"Kit Carson County, Colorado",2544
"Kitsap County, Washington",176
"Kittitas County, Washington",687
"Kittson County, Minnesota",2954
"Klamath County, Oregon",489
"Kleberg County, Texas",2026
"Klickitat County, Washington",1862
"Knott County, Kentucky",2724
"Knox County, Illinois",1513
"Knox County, Indiana",705
"Knox County, Kentucky",2027
"Knox County, Maine",696
"Knox County, Missouri",2966
"Knox County, Nebraska",2600
"Knox County, Ohio",522
"Knox County, Tennessee",111
"Kodiak Island County, Alaska",2524
"Koochiching County, Minnesota",2525
"Kootenai County, Idaho",1307
"Kosciusko County, Indiana",1411
"Kossuth County, Iowa",2638
"La Crosse County, Wisconsin",339
"La Paz County, Arizona",918
"La Plata County, Colorado",583
"La Porte County, Indiana",1342
"La Salle County, Illinois",1338
"La Salle County, Louisiana",2701
"La Salle County, Texas",2904
"Labette County, Kansas",1843
"Lac Qui Parle County, Minnesota",1110
"Lackawanna County, Pennsylvania",197
"Laclede County, Missouri",1663
"Lafayette County, Arkansas",1101
"Lafayette County, Florida",2465
"Lafayette County, Louisiana",1247
"Lafayette County, Missouri",1690
"Lafayette County, Mississippi",1548
"Lafayette County, Wisconsin",1905
"Lafourche County, Louisiana",1370
"Lagrange County, Indiana",1640
"Lake of the Woods County, Minnesota",2794
"Lake County, California",499
"Lake County, Colorado",2466
"Lake County, Florida",1218
"Lake County, Illinois",1177
"Lake County, Indiana",95
"Lake County, Michigan",1958
"Lake County, Minnesota",1061
"Lake County, Montana",1741
"Lake County, Ohio",187
"Lake County, Oregon",2404
"Lake County, South Dakota",2343
"Lake County, Tennessee",2407
"Lamar County, Alabama",2729
"Lamar County, Georgia",1884
"Lamar County, Mississippi",1498
"Lamar County, Texas",1529
"Lamb County, Texas",2299
"Lamoille County, Vermont",858
"Lamoure County, North Dakota",2964
"Lampasas County, Texas",1870
"Lancaster County, Nebraska",159
"Lancaster County, Pennsylvania",88
"Lancaster County, South Carolina",449
"Lancaster County, Virginia",1050
"Lander County, Nevada",1130
"Lane County, Kansas",3056
"Lane County, Oregon",133
"Langlade County, Wisconsin",1994
"Lanier County, Georgia",2129
"Lapeer County, Michigan",1387
"Laramie County, Wyoming",1379
"Larimer County, Colorado",151
"Larue County, Kentucky",2105
"Las Animas County, Colorado",989
"Las Piedras County, Puerto Rico",2459
"Lassen County, California",745
"Latah County, Idaho",1638
"Latimer County, Oklahoma",1054
"Lauderdale County, Alabama",397
"Lauderdale County, Mississippi",1406
"Lauderdale County, Tennessee",2482
"Laurel County, Kentucky",1980
"Laurens County, Georgia",1539
"Laurens County, South Carolina",486
"Lavaca County, Texas",2249
"Lawrence County, Alabama",752
"Lawrence County, Arkansas",958
"Lawrence County, Illinois",2271
"Lawrence County, Indiana",1557
"Lawrence County, Kentucky",2726
"Lawrence County, Missouri",1627
"Lawrence County, Mississippi",2703
"Lawrence County, Ohio",511
"Lawrence County, Pennsylvania",401
"Lawrence County, South Dakota",1814
"Lawrence County, Tennessee",1598
"Le Sueur County, Minnesota",817
"LeFlore County, Oklahoma",590
"Lea County, New Mexico",2165
"Leake County, Mississippi",2055
"Leavenworth County, Kansas",1417
"Lebanon County, Pennsylvania",303
"Lee County, Alabama",289
"Lee County, Arkansas",2590
"Lee County, Florida",1183
"Lee County, Georgia",1750
"Lee County, Iowa",739
"Lee County, Illinois",1654
"Lee County, Kentucky",2762
"Lee County, Mississippi",1395
"Lee County, North Carolina",541
"Lee County, South Carolina",2721
"Lee County, Texas",2505
"Lee County, Virginia",839
"Leelanau County, Michigan",1839
"Leflore County, Mississippi",2180
"Lehigh County, Pennsylvania",136
"Lemhi County, Idaho",1974
"Lenawee County, Michigan",1364
"Lenoir County, North Carolina",533
"Leon County, Florida",1226
"Leon County, Texas",2088
"Leslie County, Kentucky",2736
"Letcher County, Kentucky",2716
"Levy County, Florida",1606
"Lewis and Clark County, Montana",1471
"Lewis County, Idaho",2713
"Lewis County, Kentucky",2523
"Lewis County, Missouri",3095
"Lewis County, New York",823
"Lewis County, Tennessee",3094
"Lewis County, Washington",453
"Lewis County, West Virginia",1915
"Lexington City County, Virginia",1112
"Lexington County, South Carolina",169
"Liberty County, Florida",2758
"Liberty County, Georgia",1470
"Liberty County, Montana",3036
"Liberty County, Texas",1420
"Licking County, Ohio",245
"Limestone County, Alabama",1397
"Limestone County, Texas",1822
"Lincoln County, Arkansas",1012
"Lincoln County, Colorado",2621
"Lincoln County, Georgia",2140
"Lincoln County, Idaho",2937
"Lincoln County, Kansas",2998
"Lincoln County, Kentucky",1805
"Lincoln County, Louisiana",2169
"Lincoln County, Maine",750
"Lincoln County, Minnesota",2657
"Lincoln County, Missouri",571
"Lincoln County, Mississippi",2694
"Lincoln County, Montana",1869
"Lincoln County, North Carolina",440
"Lincoln County, Nebraska",734
"Lincoln County, New Mexico",1859
"Lincoln County, Nevada",1134
"Lincoln County, Oklahoma",753
"Lincoln County, Oregon",628
"Lincoln County, South Dakota",1570
"Lincoln County, Tennessee",1691
"Lincoln County, Washington",2533
"Lincoln County, Wisconsin",803
"Lincoln County, West Virginia",2227
"Lincoln County, Wyoming",1889
"Linn County, Iowa",1249
"Linn County, Kansas",2133
"Linn County, Missouri",2321
"Linn County, Oregon",332
"Lipscomb County, Texas",2997
"Litchfield County, Connecticut",222
"Little River County, Arkansas",1032
"Live Oak County, Texas",2337
"Livingston County, Illinois",1984
"Livingston County, Kentucky",2365
"Livingston County, Louisiana",1324
"Livingston County, Michigan",1266
"Livingston County, Missouri",2098
"Livingston County, New York",495
"Llano County, Texas",1871
"Logan County, Arkansas",1829
"Logan County, Colorado",878
"Logan County, Illinois",1727
"Logan County, Kansas",3018
"Logan County, Kentucky",1769
"Logan County, North Dakota",3048
"Logan County, Nebraska",2830
"Logan County, Ohio",632
"Logan County, Oklahoma",675
"Logan County, West Virginia",2020
"Long County, Georgia",1936
"Lonoke County, Arkansas",480
"Lorain County, Ohio",150
"Los Alamos County, New Mexico",2261
"Los Angeles County, California",1
"Loudon County, Tennessee",608
"Loudoun County, Virginia",146
"Louisa County, Iowa",1051
"Louisa County, Virginia",762
"Love County, Oklahoma",1082
"Lowndes County, Alabama",2737
"Lowndes County, Georgia",1350
"Lowndes County, Mississippi",1481
"Lubbock County, Texas",1224
"Lucas County, Iowa",2755
"Lucas County, Ohio",107
"Luce County, Michigan",2550
"Lumpkin County, Georgia",1730
"Luna County, New Mexico",1799
"Lunenburg County, Virginia",1034
"Luquillo County, Puerto Rico",2457
"Luzerne County, Pennsylvania",141
"Lycoming County, Pennsylvania",335
"Lynchburg City County, Virginia",452
"Lynn County, Texas",2922
"Lyon County, Iowa",2644
"Lyon County, Kansas",1685
"Lyon County, Kentucky",1973
"Lyon County, Minnesota",2485
"Lyon County, Nevada",578
"Mackinac County, Michigan",1959
"Macomb County, Michigan",1173
"Macon County, Alabama",2231
"Macon County, Georgia",2292
"Macon County, Illinois",1345
"Macon County, Missouri",2096
"Macon County, North Carolina",755
"Macon County, Tennessee",890
"Macoupin County, Illinois",1542
"Madera County, California",277
"Madison County, Alabama",138
"Madison County, Arkansas",986
"Madison County, Florida",2074
"Madison County, Georgia",1754
"Madison County, Iowa",987
"Madison County, Idaho",1637
"Madison County, Illinois",1230
"Madison County, Indiana",1317
"Madison County, Kentucky",426
"Madison County, Louisiana",2704
"Madison County, Missouri",1952
"Madison County, Mississippi",1373
"Madison County, Montana",1975
"Madison County, North Carolina",913
"Madison County, Nebraska",746
"Madison County, New York",463
"Madison County, Ohio",658
"Madison County, Tennessee",381
"Madison County, Texas",2307
"Madison County, Virginia",1028
"Magoffin County, Kentucky",2857
"Mahaska County, Iowa",885
"Mahnomen County, Minnesota",2932
"Mahoning County, Ohio",181
"Major County, Oklahoma",1102
"Malheur County, Oregon",785
"Manassas City County, Virginia",712
"Manassas Park City County, Virginia",1006
"Manatee County, Florida",1211
"Manistee County, Michigan",1806
"Manitowoc County, Wisconsin",431
"Marathon County, Wisconsin",302
"Marengo County, Alabama",901
"Maricopa County, Arizona",2
"Maries County, Missouri",2374
"Marin County, California",174
"Marinette County, Wisconsin",676
"Marion County, Alabama",789
"Marion County, Arkansas",1909
"Marion County, Florida",1210
"Marion County, Georgia",2756
"Marion County, Iowa",760
"Marion County, Illinois",2476
"Marion County, Indiana",1171
"Marion County, Kansas",2323
"Marion County, Kentucky",929
"Marion County, Missouri",1739
"Marion County, Mississippi",2195
"Marion County, Ohio",487
"Marion County, Oregon",145
"Marion County, South Carolina",1696
"Marion County, Tennessee",1752
"Marion County, Texas",2350
"Marion County, West Virginia",1494
"Mariposa County, California",945
"Marlboro County, South Carolina",2188
"Marquette County, Michigan",1453
"Marquette County, Wisconsin",992
"Marshall County, Alabama",396
"Marshall County, Iowa",1608
"Marshall County, Illinois",2324
"Marshall County, Indiana",1551
"Marshall County, Kansas",2874
"Marshall County, Kentucky",1719
"Marshall County, Minnesota",2593
"Marshall County, Mississippi",2174
"Marshall County, Oklahoma",983
"Marshall County, Tennessee",1725
"Marshall County, West Virginia",766
"Martin County, Florida",1297
"Martin County, Indiana",2352
"Martin County, Kentucky",2731
"Martin County, Minnesota",911
"Martin County, North Carolina",2051
"Martin County, Texas",2950
"Martinsville City County, Virginia",1020
"Mason County, Illinois",2639
"Mason County, Kentucky",2083
"Mason County, Michigan",1742
"Mason County, Texas",2969
"Mason County, Washington",523
"Mason County, West Virginia",1763
"Massac County, Illinois",2514
"Matagorda County, Texas",1645
"Matanuska Susitna County, Alaska",1386
"Mathews County, Virginia",1089
"Maui County, Hawaii",269
"Maury County, Tennessee",1404
"Maverick County, Texas",2167
"Mayaguez County, Puerto Rico",2156
"Mayes County, Oklahoma",683
"McClain County, Oklahoma",748
"McCone County, Montana",3058
"McCook County, South Dakota",2929
"McCormick County, South Carolina",1072
"McCracken County, Kentucky",1460
"McCreary County, Kentucky",2500
"McCulloch County, Texas",2399
"McCurtain County, Oklahoma",763
"McDonald County, Missouri",2215
"McDonough County, Illinois",2179
"McDowell County, North Carolina",640
"McDowell County, West Virginia",2719
"McDuffie County, Georgia",1838
"McHenry County, Illinois",1215
"McHenry County, North Dakota",2710
"McIntosh County, Georgia",2104
"McIntosh County, North Dakota",3016
"McIntosh County, Oklahoma",920
"McKean County, Pennsylvania",656
"McKenzie County, North Dakota",2145
"McKinley County, New Mexico",2164
"McLean County, Illinois",1277
"McLean County, Kentucky",2748
"McLean County, North Dakota",2681
"McLennan County, Texas",1243
"McLeod County, Minnesota",731
"McMinn County, Tennessee",1520
"McMullen County, Texas",3081
"McNairy County, Tennessee",1779
"McPherson County, Kansas",2033
"McPherson County, Nebraska",2836
"McPherson County, South Dakota",3030
"Meade County, Kansas",2953
"Meade County, Kentucky",806
"Meade County, South Dakota",1794
"Meagher County, Montana",3052
"Mecklenburg County, North Carolina",36
"Mecklenburg County, Virginia",773
"Mecosta County, Michigan",1586
"Medina County, Ohio",238
"Medina County, Texas",1559
"Meeker County, Minnesota",872
"Meigs County, Ohio",2211
"Meigs County, Tennessee",1956
"Menard County, Illinois",2641
"Menard County, Texas",3038
"Mendocino County, California",414
"Menifee County, Kentucky",2429
"Menominee County, Michigan",2207
"Menominee County, Wisconsin",2444
"Merced County, California",171
"Mercer County, Illinois",2507
"Mercer County, Kentucky",1850
"Mercer County, Missouri",2976
"Mercer County, North Dakota",2396
"Mercer County, New Jersey",130
"Mercer County, Ohio",688
"Mercer County, Pennsylvania",333
"Mercer County, West Virginia",1475
"Meriwether County, Georgia",1836
"Merrick County, Nebraska",1100
"Merrimack County, New Hampshire",1296
"Mesa County, Colorado",284
"Metcalfe County, Kentucky",2356
"Miami County, Indiana",2018
"Miami County, Kansas",1703
"Miami County, Ohio",361
"Miami-Dade County, Florida",1158
"Middlesex County, Connecticut",248
"Middlesex County, Massachusetts",17
"Middlesex County, New Jersey",46
"Middlesex County, Virginia",1058
"Midland County, Michigan",1393
"Midland County, Texas",1312
"Mifflin County, Pennsylvania",623
"Milam County, Texas",2203
"Millard County, Utah",2326
"Mille Lacs County, Minnesota",833
"Miller County, Arkansas",655
"Miller County, Georgia",2617
"Miller County, Missouri",1804
"Mills County, Iowa",996
"Mills County, Texas",2942
"Milwaukee County, Wisconsin",33
"Mineral County, Colorado",2454
"Mineral County, Montana",2445
"Mineral County, Nevada",2440
"Mineral County, West Virginia",2038
"Mingo County, West Virginia",2196
"Minidoka County, Idaho",2242
"Minnehaha County, South Dakota",1278
"Missaukee County, Michigan",1933
"Mississippi County, Arkansas",2011
"Mississippi County, Missouri",2521
"Missoula County, Montana",1349
"Mitchell County, Georgia",2213
"Mitchell County, Iowa",2588
"Mitchell County, Kansas",2913
"Mitchell County, North Carolina",1924
"Mitchell County, Texas",2368
"Mobile County, Alabama",118
"Modoc County, California",1077
"Moffat County, Colorado",1022
"Mohave County, Arizona",213
"Moniteau County, Missouri",2845
"Monmouth County, New Jersey",68
"Mono County, California",1008
"Monona County, Iowa",2749
"Monongalia County, West Virginia",386
"Monroe County, Alabama",2717
"Monroe County, Arkansas",2607
"Monroe County, Florida",1431
"Monroe County, Georgia",1773
"Monroe County, Iowa",2608
"Monroe County, Illinois",1698
"Monroe County, Indiana",1310
"Monroe County, Kentucky",2740
"Monroe County, Michigan",1290
"Monroe County, Missouri",2382
"Monroe County, Mississippi",2477
"Monroe County, New York",55
"Monroe County, Ohio",2293
"Monroe County, Pennsylvania",240
"Monroe County, Tennessee",1573
"Monroe County, Wisconsin",643
"Monroe County, West Virginia",2311
"Montague County, Texas",2072
"Montcalm County, Michigan",1472
"Monterey County, California",116
"Montezuma County, Colorado",840
"Montgomery County, Alabama",188
"Montgomery County, Arkansas",1080
"Montgomery County, Georgia",2751
"Montgomery County, Iowa",1064
"Montgomery County, Illinois",1729
"Montgomery County, Indiana",1630
"Montgomery County, Kansas",1666
"Montgomery County, Kentucky",1772
"Montgomery County, Maryland",30
"Montgomery County, Missouri",2117
"Montgomery County, Mississippi",2865
"Montgomery County, North Carolina",815
"Montgomery County, New York",592
"Montgomery County, Ohio",85
"Montgomery County, Pennsylvania",50
"Montgomery County, Tennessee",1275
"Montgomery County, Texas",1195
"Montgomery County, Virginia",1375
"Montmorency County, Michigan",1968
"Montour County, Pennsylvania",944
"Montrose County, Colorado",682
"Moody County, South Dakota",2909
"Moore County, North Carolina",413
"Moore County, Tennessee",3089
"Moore County, Texas",2840
"Mora County, New Mexico",2946
"Morehouse County, Louisiana",2039
"Morgan County, Alabama",325
"Morgan County, Colorado",813
"Morgan County, Georgia",1892
"Morgan County, Illinois",1664
"Morgan County, Indiana",1446
"Morgan County, Kentucky",2577
"Morgan County, Missouri",1857
"Morgan County, Ohio",997
"Morgan County, Tennessee",1837
"Morgan County, Utah",2539
"Morgan County, West Virginia",1895
"Morrill County, Nebraska",2625
"Morris County, Kansas",2436
"Morris County, New Jersey",97
"Morris County, Texas",2317
"Morrison County, Minnesota",1693
"Morrow County, Ohio",1675
"Morrow County, Oregon",1052
"Morton County, Kansas",2999
"Morton County, North Dakota",2483
"Moultrie County, Illinois",2100
"Mountrail County, North Dakota",2412
"Mower County, Minnesota",700
"Muhlenberg County, Kentucky",2480
"Multnomah County, Oregon",58
"Murray County, Georgia",1616
"Murray County, Minnesota",2385
"Murray County, Oklahoma",1026
"Muscatine County, Iowa",662
"Muscogee County, Georgia",1262
"Muskegon County, Michigan",1276
"Muskingum County, Ohio",419
"Muskogee County, Oklahoma",470
"Musselshell County, Montana",2956
"Nacogdoches County, Texas",1463
"Naguabo County, Puerto Rico",2561
"Nance County, Nebraska",1145
"Nantucket County, Massachusetts",1073
"Napa County, California",297
"Nash County, North Carolina",388
"Nassau County, Florida",1429
"Nassau County, New York",21
"Natchitoches County, Louisiana",2475
"Natrona County, Wyoming",1421
"Navajo County, Arizona",351
"Navarro County, Texas",1544
"Nelson County, Kentucky",657
"Nelson County, North Dakota",3002
"Nelson County, Virginia",999
"Nemaha County, Kansas",2872
"Nemaha County, Nebraska",2141
"Neosho County, Kansas",2090
"Neshoba County, Mississippi",2186
"Ness County, Kansas",3003
"Nevada County, Arkansas",1088
"Nevada County, California",378
"New Castle County, Delaware",82
"New Hanover County, North Carolina",207
"New Haven County, Connecticut",43
"New Kent County, Virginia",941
"New London County, Connecticut",164
"New York County, New York",14
"Newaygo County, Michigan",1538
"Newberry County, South Carolina",718
"Newport News City County, Virginia",230
"Newport County, Rhode Island",427
"Newton County, Arkansas",2398
"Newton County, Georgia",1363
"Newton County, Indiana",1007
"Newton County, Missouri",1487
"Newton County, Mississippi",2665
"Newton County, Texas",2297
"Nez Perce County, Idaho",1621
"Niagara County, New York",195
"Nicholas County, Kentucky",2419
"Nicholas County, West Virginia",2046
"Nicollet County, Minnesota",772
"Niobrara County, Wyoming",3027
"Noble County, Indiana",1547
"Noble County, Ohio",2518
"Noble County, Oklahoma",1048
"Nobles County, Minnesota",2233
"Nodaway County, Missouri",2162
"Nolan County, Texas",2286
"Nome County, Alaska",2879
"Norfolk City County, Virginia",180
"Norfolk County, Massachusetts",64
"Norman County, Minnesota",2654
"Northampton County, North Carolina",1833
"Northampton County, Pennsylvania",152
"Northampton County, Virginia",1039
"Northumberland County, Pennsylvania",391
"Northumberland County, Virginia",1951
"Norton City County, Virginia",2447
"Norton County, Kansas",2928
"Nottoway County, Virginia",2512
"Nowata County, Oklahoma",1068
"Noxubee County, Mississippi",2862
"Nuckolls County, Nebraska",1138
"Nueces County, Texas",1208
"Nye County, Nevada",649
"O Brien County, Iowa",2640
"Oakland County, Michigan",1164
"Obion County, Tennessee",1716
"Ocean County, New Jersey",77
"Oceana County, Michigan",1771
"Ochiltree County, Texas",2871
"Oconee County, Georgia",1702
"Oconee County, South Carolina",459
"Oconto County, Wisconsin",1636
"Ogemaw County, Michigan",1840
"Ogle County, Illinois",1510
"Oglethorpe County, Georgia",1932
"Ohio County, Indiana",1126
"Ohio County, Kentucky",2054
"Ohio County, West Virginia",2171
"Okaloosa County, Florida",1267
"Okanogan County, Washington",685
"Okeechobee County, Florida",1614
"Okfuskee County, Oklahoma",1043
"Oklahoma County, Oklahoma",60
"Okmulgee County, Oklahoma",694
"Oktibbeha County, Mississippi",1546
"Oldham County, Kentucky",527
"Oliver County, North Dakota",3054
"Olmsted County, Minnesota",287
"Oneida County, Idaho",2960
"Oneida County, New York",185
"Oneida County, Wisconsin",1655
"Onondaga County, New York",102
"Onslow County, North Carolina",1271
"Ontario County, New York",346
"Ontonagon County, Michigan",2773
"Orange County, California",4
"Orange County, Florida",1165
"Orange County, Indiana",1995
"Orange County, North Carolina",1315
"Orange County, New York",128
"Orange County, Texas",1400
"Orange County, Virginia",758
"Orange County, Vermont",799
"Orangeburg County, South Carolina",399
"Oregon County, Missouri",2127
"Orleans County, Louisiana",1207
"Orleans County, New York",661
"Orleans County, Vermont",822
"Osage County, Kansas",2092
"Osage County, Missouri",2303
"Osage County, Oklahoma",613
"Osborne County, Kansas",2972
"Osceola County, Florida",1231
"Osceola County, Iowa",2655
"Osceola County, Michigan",1820
"Oscoda County, Michigan",1972
"Oswego County, New York",324
"Otero County, Colorado",936
"Otero County, New Mexico",1468
"Otoe County, Nebraska",985
"Otsego County, Michigan",1812
"Otsego County, New York",513
"Ottawa County, Kansas",2433
"Ottawa County, Michigan",1235
"Ottawa County, Ohio",681
"Ottawa County, Oklahoma",782
"Otter Tail County, Minnesota",1491
"Ouachita County, Arkansas",832
"Ouachita County, Louisiana",1289
"Ouray County, Colorado",1139
"Outagamie County, Wisconsin",234
"Overton County, Tennessee",1835
"Owen County, Indiana",1845
"Owen County, Kentucky",1063
"Owyhee County, Idaho",2338
"Oxford County, Maine",542
"Ozark County, Missouri",2132
"Ozaukee County, Wisconsin",417
"Pacific County, Washington",908
"Page County, Iowa",979
"Page County, Virginia",1815
"Palm Beach County, Florida",1162
"Palo Alto County, Iowa",2594
"Palo Pinto County, Texas",1755
"Pamlico County, North Carolina",1948
"Panola County, Mississippi",1676
"Panola County, Texas",2208
"Park County, Colorado",975
"Park County, Montana",1923
"Park County, Wyoming",1753
"Parke County, Indiana",2084
"Parker County, Texas",330
"Parmer County, Texas",2869
"Pasco County, Florida",1194
"Pasquotank County, North Carolina",689
"Passaic County, New Jersey",93
"Patrick County, Virginia",940
"Paulding County, Georgia",1300
"Paulding County, Ohio",930
"Pawnee County, Kansas",2423
"Pawnee County, Nebraska",2807
"Pawnee County, Oklahoma",2273
"Payette County, Idaho",1827
"Payne County, Oklahoma",446
"Peach County, Georgia",1760
"Pearl River County, Mississippi",1496
"Pecos County, Texas",2284
"Pembina County, North Dakota",2896
"Pemiscot County, Missouri",2258
"Pend Oreille County, Washington",1033
"Pender County, North Carolina",576
"Pendleton County, Kentucky",2575
"Pendleton County, West Virginia",2411
"Pennington County, Minnesota",1018
"Pennington County, South Dakota",1361
"Penobscot County, Maine",273
"Peoria County, Illinois",1265
"Pepin County, Wisconsin",2415
"Perkins County, Nebraska",2805
"Perkins County, South Dakota",3011
"Perquimans County, North Carolina",1944
"Perry County, Alabama",2743
"Perry County, Arkansas",1070
"Perry County, Illinois",2489
"Perry County, Indiana",2073
"Perry County, Kentucky",2036
"Perry County, Missouri",1876
"Perry County, Mississippi",2674
"Perry County, Ohio",737
"Perry County, Pennsylvania",629
"Perry County, Tennessee",2403
"Pershing County, Nevada",2472
"Person County, North Carolina",1618
"Petersburg City County, Virginia",776
"Petersburg County, Alaska",2798
"Petroleum County, Montana",3084
"Pettis County, Missouri",1592
"Phelps County, Missouri",1566
"Phelps County, Nebraska",2597
"Philadelphia County, Pennsylvania",15
"Phillips County, Arkansas",894
"Phillips County, Colorado",2660
"Phillips County, Kansas",2437
"Phillips County, Montana",2962
"Piatt County, Illinois",1907
"Pickaway County, Ohio",551
"Pickens County, Alabama",2244
"Pickens County, Georgia",1735
"Pickens County, South Carolina",326
"Pickett County, Tennessee",3098
"Pierce County, Georgia",2253
"Pierce County, North Dakota",2959
"Pierce County, Nebraska",1108
"Pierce County, Washington",52
"Pierce County, Wisconsin",686
"Pike County, Alabama",770
"Pike County, Arkansas",2339
"Pike County, Georgia",1891
"Pike County, Illinois",2571
"Pike County, Indiana",2319
"Pike County, Kentucky",2008
"Pike County, Missouri",1882
"Pike County, Mississippi",1609
"Pike County, Ohio",804
"Pike County, Pennsylvania",1489
"Pima County, Arizona",29
"Pinal County, Arizona",126
"Pine County, Minnesota",795
"Pinellas County, Florida",1170
"Pipestone County, Minnesota",2747
"Piscataquis County, Maine",954
"Pitkin County, Colorado",963
"Pitt County, North Carolina",242
"Pittsburg County, Oklahoma",633
"Pittsylvania County, Virginia",503
"Placer County, California",137
"Plaquemines County, Louisiana",2216
"Platte County, Missouri",1383
"Platte County, Nebraska",778
"Platte County, Wyoming",2386
"Pleasants County, West Virginia",2609
"Plumas County, California",926
"Plymouth County, Iowa",846
"Plymouth County, Massachusetts",96
"Pocahontas County, Iowa",1107
"Pocahontas County, West Virginia",1971
"Poinsett County, Arkansas",853
"Pointe Coupee County, Louisiana",2220
"Polk County, Arkansas",915
"Polk County, Florida",1185
"Polk County, Georgia",1602
"Polk County, Iowa",112
"Polk County, Minnesota",2161
"Polk County, Missouri",1722
"Polk County, North Carolina",1858
"Polk County, Nebraska",2622
"Polk County, Oregon",454
"Polk County, Tennessee",967
"Polk County, Texas",1564
"Polk County, Wisconsin",646
"Ponce County, Puerto Rico",2148
"Pondera County, Montana",2915
"Pontotoc County, Mississippi",2185
"Pontotoc County, Oklahoma",719
"Pope County, Arkansas",517
"Pope County, Illinois",2791
"Pope County, Minnesota",2586
"Poquoson City County, Virginia",1953
"Portage County, Ohio",255
"Portage County, Wisconsin",472
"Porter County, Indiana",250
"Portsmouth City County, Virginia",389
"Posey County, Indiana",1784
"Pottawatomie County, Kansas",1844
"Pottawatomie County, Oklahoma",475
"Pottawattamie County, Iowa",395
"Potter County, Pennsylvania",955
"Potter County, South Dakota",3037
"Potter County, Texas",1330
"Powder River County, Montana",3057
"Powell County, Kentucky",2115
"Powell County, Montana",2422
"Power County, Idaho",2892
"Poweshiek County, Iowa",935
"Powhatan County, Virginia",1756
"Prairie County, Arkansas",1092
"Prairie County, Montana",3071
"Pratt County, Kansas",2003
"Preble County, Ohio",668
"Prentiss County, Mississippi",2202
"Presidio County, Texas",2409
"Presque Isle County, Michigan",1945
"Preston County, West Virginia",1686
"Price County, Wisconsin",1011
"Prince Edward County, Virginia",869
"Prince George County, Virginia",1657
"Prince Georges County, Maryland",42
"Prince William County, Virginia",120
"Providence County, Rhode Island",70
"Prowers County, Colorado",2642
"Pueblo County, Colorado",263
"Pulaski County, Arkansas",124
"Pulaski County, Georgia",2120
"Pulaski County, Illinois",2777
"Pulaski County, Indiana",2111
"Pulaski County, Kentucky",1473
"Pulaski County, Missouri",1519
"Pulaski County, Virginia",747
"Pushmataha County, Oklahoma",1047
"Putnam County, Florida",1426
"Putnam County, Georgia",1852
"Putnam County, Illinois",2552
"Putnam County, Indiana",1633
"Putnam County, Missouri",2941
"Putnam County, New York",373
"Putnam County, Ohio",749
"Putnam County, Tennessee",1432
"Putnam County, West Virginia",1500
"Quay County, New Mexico",2540
"Quebradillas County, Puerto Rico",2563
"Queen Annes County, Maryland",610
"Queens County, New York",7
"Quitman County, Georgia",2633
"Quitman County, Mississippi",2884
"Rabun County, Georgia",1916
"Racine County, Wisconsin",218
"Radford City County, Virginia",2508
"Rains County, Texas",1961
"Raleigh County, West Virginia",1408
"Ralls County, Missouri",2535
"Ramsey County, Minnesota",92
"Ramsey County, North Dakota",2531
"Randall County, Texas",1332
"Randolph County, Alabama",877
"Randolph County, Arkansas",947
"Randolph County, Georgia",2764
"Randolph County, Illinois",1688
"Randolph County, Indiana",2047
"Randolph County, Missouri",1796
"Randolph County, North Carolina",1301
"Randolph County, West Virginia",1736
"Rankin County, Mississippi",1302
"Ransom County, North Dakota",2931
"Rapides County, Louisiana",1318
"Rappahannock County, Virginia",1106
"Ravalli County, Montana",1611
"Rawlins County, Kansas",3026
"Ray County, Missouri",1821
"Reagan County, Texas",2989
"Real County, Texas",2994
"Red Lake County, Minnesota",2793
"Red River County, Louisiana",2709
"Red River County, Texas",2672
"Red Willow County, Nebraska",1057
"Redwood County, Minnesota",2279
"Reeves County, Texas",2854
"Refugio County, Texas",2416
"Reno County, Kansas",1464
"Rensselaer County, New York",262
"Renville County, Minnesota",2282
"Renville County, North Dakota",3029
"Republic County, Kansas",2940
"Reynolds County, Missouri",2906
"Rhea County, Tennessee",1715
"Rice County, Kansas",2357
"Rice County, Minnesota",501
"Rich County, Utah",2452
"Richardson County, Nebraska",2606
"Richland County, Illinois",2725
"Richland County, Louisiana",2496
"Richland County, Montana",2877
"Richland County, North Dakota",2510
"Richland County, Ohio",317
"Richland County, South Carolina",123
"Richland County, Wisconsin",946
"Richmond City County, Virginia",204
"Richmond County, Georgia",1254
"Richmond County, North Carolina",1553
"Richmond County, New York",101
"Richmond County, Virginia",1084
"Riley County, Kansas",1435
"Rincon County, Puerto Rico",2456
"Ringgold County, Iowa",2788
"Rio Arriba County, New Mexico",1982
"Rio Blanco County, Colorado",1118
"Rio Grande County, Colorado",1954
"Rio Grande County, Puerto Rico",2467
"Ripley County, Indiana",1738
"Ripley County, Missouri",2106
"Ritchie County, West Virginia",2647
"Riverside County, California",8
"Roane County, Tennessee",1506
"Roane County, West Virginia",2099
"Roanoke City County, Virginia",384
"Roanoke County, Virginia",400
"Robertson County, Kentucky",2811
"Robertson County, Tennessee",490
"Robertson County, Texas",2272
"Robeson County, North Carolina",301
"Rock Island County, Illinois",1295
"Rock County, Minnesota",2537
"Rock County, Nebraska",2823
"Rock County, Wisconsin",258
"Rockbridge County, Virginia",889
"Rockcastle County, Kentucky",2268
"Rockdale County, Georgia",1391
"Rockingham County, North Carolina",1376
"Rockingham County, New Hampshire",1220
"Rockingham County, Virginia",450
"Rockland County, New York",147
"Rockwall County, Texas",438
"Roger Mills County, Oklahoma",1147
"Rogers County, Oklahoma",416
"Rolette County, North Dakota",2851
"Rooks County, Kansas",2938
"Roosevelt County, Montana",2868
"Roosevelt County, New Mexico",2470
"Roscommon County, Michigan",1810
"Roseau County, Minnesota",2095
"Rosebud County, Montana",2371
"Ross County, Ohio",442
"Routt County, Colorado",868
"Rowan County, Kentucky",871
"Rowan County, North Carolina",291
"Runnels County, Texas",2677
"Rush County, Indiana",1897
"Rush County, Kansas",2996
"Rusk County, Texas",1511
"Rusk County, Wisconsin",1003
"Russell County, Alabama",569
"Russell County, Kansas",2424
"Russell County, Kentucky",2081
"Russell County, Virginia",2034
"Rutherford County, North Carolina",481
"Rutherford County, Tennessee",168
"Rutland County, Vermont",519
"Sabine County, Louisiana",2487
"Sabine County, Texas",2345
"Sac County, Iowa",1071
"Sacramento County, California",19
"Sagadahoc County, Maine",742
"Saginaw County, Michigan",1255
"Saguache County, Colorado",2432
"Saint Bernard County, Louisiana",1656
"Saint Charles County, Louisiana",1515
"Saint Charles County, Missouri",132
"Saint Clair County, Alabama",424
"Saint Clair County, Illinois",1229
"Saint Clair County, Michigan",1280
"Saint Clair County, Missouri",2359
#N/A,2460
"Saint Croix County, Wisconsin",422
"Saint Francis County, Arkansas",811
"Saint Francois County, Missouri",1461
"Saint Helena County, Louisiana",2706
"Saint James County, Louisiana",3087
"Saint John the Baptist County, Louisiana",1560
"Saint Johns County, Florida",1261
"Saint Joseph County, Indiana",1233
"Saint Joseph County, Michigan",1477
"Saint Landry County, Louisiana",1394
"Saint Lawrence County, New York",344
"Saint Louis City County, Missouri",143
"Saint Louis County, Minnesota",212
"Saint Louis County, Missouri",28
"Saint Lucie County, Florida",1225
"Saint Martin County, Louisiana",1522
"Saint Mary County, Louisiana",2009
"Saint Marys County, Maryland",357
"Saint Tammany County, Louisiana",1244
#N/A,2462
"Sainte Genevieve County, Missouri",1888
"Salem City County, Virginia",848
"Salem County, New Jersey",492
"Saline County, Arkansas",353
"Saline County, Illinois",2486
"Saline County, Kansas",1499
"Saline County, Missouri",1991
"Saline County, Nebraska",1009
"Salt Lake County, Utah",1166
"Saluda County, South Carolina",928
"Sampson County, North Carolina",505
"San Augustine County, Texas",2379
"San Benito County, California",556
"San Bernardino County, California",9
"San Diego County, California",3
"San Francisco County, California",47
"San German County, Puerto Rico",2562
"San Jacinto County, Texas",1774
"San Joaquin County, California",63
"San Juan County, Colorado",2832
"San Juan County, New Mexico",1323
"San Juan County, Puerto Rico",1979
"San Juan County, Utah",2849
"San Juan County, Washington",984
"San Lorenzo County, Puerto Rico",2461
"San Luis Obispo County, California",165
"San Mateo County, California",61
"San Miguel County, Colorado",1976
"San Miguel County, New Mexico",2030
"San Patricio County, Texas",1462
"San Saba County, Texas",2916
"Sanders County, Montana",1999
"Sandoval County, New Mexico",1319
"Sandusky County, Ohio",521
"Sangamon County, Illinois",1257
"Sanilac County, Michigan",1583
"Sanpete County, Utah",2191
"Santa Barbara County, California",114
"Santa Clara County, California",13
"Santa Cruz County, Arizona",614
"Santa Cruz County, California",170
"Santa Fe County, New Mexico",1299
"Santa Rosa County, Florida",1291
"Sarasota County, Florida",1204
"Saratoga County, New York",193
"Sargent County, North Dakota",2974
"Sarpy County, Nebraska",264
"Sauk County, Wisconsin",514
"Saunders County, Nebraska",912
"Sawyer County, Wisconsin",1912
"Schenectady County, New York",270
"Schleicher County, Texas",2984
"Schley County, Georgia",2691
"Schoharie County, New York",771
"Schoolcraft County, Michigan",2393
"Schuyler County, Illinois",2895
"Schuyler County, New York",942
"Schuylkill County, Pennsylvania",282
"Scioto County, Ohio",435
"Scotland County, Missouri",2948
"Scotland County, North Carolina",736
"Scott County, Arkansas",2341
"Scott County, Iowa",249
"Scott County, Illinois",2623
"Scott County, Indiana",2206
"Scott County, Kansas",2943
"Scott County, Kentucky",1549
"Scott County, Minnesota",309
"Scott County, Missouri",2016
"Scott County, Mississippi",2663
"Scott County, Tennessee",2225
"Scott County, Virginia",873
"Scotts Bluff County, Nebraska",724
"Screven County, Georgia",2294
"Scurry County, Texas",2270
"Searcy County, Arkansas",2402
"Sebastian County, Arkansas",314
"Sedgwick County, Colorado",2810
"Sedgwick County, Kansas",1191
"Seminole County, Florida",1199
"Seminole County, Georgia",2384
"Seminole County, Oklahoma",841
"Seneca County, New York",743
"Seneca County, Ohio",545
"Sequatchie County, Tennessee",1938
"Sequoyah County, Oklahoma",666
"Sevier County, Arkansas",2267
"Sevier County, Tennessee",1381
"Sevier County, Utah",1855
"Seward County, Kansas",2059
"Seward County, Nebraska",968
"Shackelford County, Texas",2988
"Shannon County, Missouri",2394
"Sharp County, Arkansas",962
"Shasta County, California",233
"Shawano County, Wisconsin",1596
"Shawnee County, Kansas",1270
"Sheboygan County, Wisconsin",337
"Shelby County, Alabama",219
"Shelby County, Iowa",2582
"Shelby County, Illinois",2718
"Shelby County, Indiana",1574
"Shelby County, Kentucky",1594
"Shelby County, Missouri",2912
"Shelby County, Ohio",598
"Shelby County, Tennessee",35
"Shelby County, Texas",2201
"Shenandoah County, Virginia",673
"Sherburne County, Minnesota",412
"Sheridan County, Kansas",3024
"Sheridan County, Montana",2987
"Sheridan County, North Dakota",3067
"Sheridan County, Nebraska",1132
"Sheridan County, Wyoming",1737
"Sherman County, Kansas",2920
"Sherman County, Nebraska",2802
"Sherman County, Oregon",2821
"Sherman County, Texas",3008
"Shiawassee County, Michigan",1437
"Shoshone County, Idaho",1950
"Sibley County, Minnesota",2727
"Sierra County, California",1148
"Sierra County, New Mexico",2121
"Silver Bow County, Montana",1681
"Simpson County, Kentucky",1898
"Simpson County, Mississippi",2044
"Sioux County, Iowa",757
"Sioux County, Nebraska",2825
"Siskiyou County, California",641
"Sitka County, Alaska",2541
"Skagit County, Washington",331
"Skagway County, Alaska",2826
"Skamania County, Washington",1056
"Smith County, Kansas",2973
"Smith County, Mississippi",2669
"Smith County, Tennessee",931
"Smith County, Texas",1250
"Smyth County, Virginia",779
"Snohomish County, Washington",62
"Snyder County, Pennsylvania",697
"Socorro County, New Mexico",2079
"Solano County, California",117
"Somerset County, Maryland",828
"Somerset County, Maine",575
"Somerset County, New Jersey",140
"Somerset County, Pennsylvania",443
"Somervell County, Texas",2392
"Sonoma County, California",99
"Southampton County, Virginia",937
"Spalding County, Georgia",1465
"Spartanburg County, South Carolina",160
"Spencer County, Indiana",2067
"Spencer County, Kentucky",2085
"Spokane County, Washington",100
"Spotsylvania County, Virginia",322
"Stafford County, Kansas",2957
"Stafford County, Virginia",310
"Stanislaus County, California",90
"Stanly County, North Carolina",525
"Stanton County, Kansas",3039
"Stanton County, Nebraska",1125
"Stark County, Illinois",2553
"Stark County, North Dakota",1989
"Stark County, Ohio",127
"Starke County, Indiana",1823
"Starr County, Texas",2662
"Staunton City County, Virginia",863
"Stearns County, Minnesota",278
"Steele County, Minnesota",733
"Stephens County, Georgia",1775
"Stephens County, Oklahoma",639
"Stephens County, Texas",2362
"Stephenson County, Illinois",1545
"Steuben County, Indiana",1682
"Steuben County, New York",375
"Stevens County, Kansas",2926
"Stevens County, Minnesota",2649
"Stevens County, Washington",654
"Stewart County, Georgia",2779
"Stewart County, Tennessee",1946
"Stillwater County, Montana",2138
"Stoddard County, Missouri",2184
"Stokes County, North Carolina",615
"Stone County, Arkansas",1038
"Stone County, Missouri",1713
"Stone County, Mississippi",2264
"Stonewall County, Texas",3063
"Storey County, Nevada",1142
"Story County, Iowa",405
"Strafford County, New Hampshire",1327
"Stutsman County, North Dakota",2493
"Sublette County, Wyoming",2001
"Suffolk City County, Virginia",421
"Suffolk County, Massachusetts",59
"Suffolk County, New York",18
"Sullivan County, Indiana",2230
"Sullivan County, New Hampshire",1580
"Sullivan County, New York",444
"Sullivan County, Pennsylvania",1120
"Sullivan County, Tennessee",1286
"Sully County, South Dakota",3065
"Summers County, West Virginia",2302
"Summit County, Colorado",1758
"Summit County, Ohio",81
"Summit County, Utah",1649
"Sumner County, Kansas",1813
"Sumner County, Tennessee",257
"Sumter County, Alabama",2855
"Sumter County, Florida",1377
"Sumter County, Georgia",1701
"Sumter County, South Carolina",350
"Sunflower County, Mississippi",2839
"Surry County, North Carolina",462
"Surry County, Virginia",2548
"Susquehanna County, Pennsylvania",659
"Sussex County, Delaware",215
"Sussex County, New Jersey",281
"Sussex County, Virginia",2119
"Sutter County, California",390
"Sutton County, Texas",2967
"Suwannee County, Florida",1601
"Swain County, North Carolina",1016
"Sweet Grass County, Montana",2449
"Sweetwater County, Wyoming",1579
"Swift County, Minnesota",2360
"Swisher County, Texas",2891
"Switzerland County, Indiana",2349
"Talbot County, Georgia",2688
"Talbot County, Maryland",714
"Taliaferro County, Georgia",2822
"Talladega County, Alabama",1399
"Tallahatchie County, Mississippi",2846
"Tallapoosa County, Alabama",1600
"Tama County, Iowa",952
"Taney County, Missouri",1523
"Tangipahoa County, Louisiana",1329
"Taos County, New Mexico",1699
"Tarrant County, Texas",12
"Tate County, Mississippi",2035
"Tattnall County, Georgia",1793
"Taylor County, Florida",1992
"Taylor County, Georgia",2754
"Taylor County, Iowa",1121
"Taylor County, Kentucky",855
"Taylor County, Texas",1321
"Taylor County, Wisconsin",914
"Taylor County, West Virginia",2570
"Tazewell County, Illinois",1314
"Tazewell County, Virginia",637
"Tehama County, California",504
"Telfair County, Georgia",2274
"Teller County, Colorado",870
"Tensas County, Louisiana",2712
"Terrebonne County, Louisiana",1341
"Terrell County, Georgia",2595
"Terrell County, Texas",3076
"Terry County, Texas",2860
"Teton County, Idaho",1966
"Teton County, Montana",2434
"Teton County, Wyoming",1851
"Texas County, Missouri",1781
"Texas County, Oklahoma",916
"Thayer County, Nebraska",2624
"Thomas County, Georgia",1572
"Thomas County, Kansas",2889
"Thomas County, Nebraska",2834
"Throckmorton County, Texas",3060
"Thurston County, Nebraska",2770
"Thurston County, Washington",175
"Tift County, Georgia",1613
"Tillamook County, Oregon",843
"Tillman County, Oklahoma",1098
"Tioga County, New York",585
"Tioga County, Pennsylvania",674
"Tippah County, Mississippi",2224
"Tippecanoe County, Indiana",1273
"Tipton County, Indiana",2094
"Tipton County, Tennessee",520
"Tishomingo County, Mississippi",2245
"Titus County, Texas",1709
"Toa Alta County, Puerto Rico",2163
"Toa Baja County, Puerto Rico",2157
"Todd County, Kentucky",2581
"Todd County, Minnesota",1802
"Tolland County, Connecticut",275
"Tom Green County, Texas",1348
"Tompkins County, New York",366
"Tooele County, Utah",1486
"Toole County, Montana",2934
"Toombs County, Georgia",2193
"Torrance County, New Mexico",2091
"Towns County, Georgia",1964
"Traill County, North Dakota",2885
"Transylvania County, North Carolina",767
"Traverse County, Minnesota",2661
"Travis County, Texas",1167
"Treasure County, Montana",3080
"Trego County, Kansas",3010
"Trempealeau County, Wisconsin",801
"Treutlen County, Georgia",2771
"Trigg County, Kentucky",1937
"Trimble County, Kentucky",2542
"Trinity County, California",1024
"Trinity County, Texas",1935
"Troup County, Georgia",1454
"Trousdale County, Tennessee",1099
"Trujillo Alto County, Puerto Rico",2160
"Trumbull County, Ohio",200
"Tucker County, West Virginia",2005
"Tulare County, California",106
"Tulsa County, Oklahoma",74
"Tunica County, Mississippi",2742
"Tuolumne County, California",553
"Turner County, Georgia",2377
"Turner County, South Dakota",2883
"Tuscaloosa County, Alabama",220
"Tuscarawas County, Ohio",398
"Tuscola County, Michigan",1497
"Twiggs County, Georgia",2753
"Twin Falls County, Idaho",1412
"Tyler County, Texas",2064
"Tyler County, West Virginia",2750
"Tyrrell County, North Carolina",1140
"Uinta County, Wyoming",2066
"Uintah County, Utah",1706
"Ulster County, New York",227
"Umatilla County, Oregon",451
"Unicoi County, Tennessee",943
"Union County, Arkansas",677
"Union County, Florida",2573
"Union County, Georgia",1849
"Union County, Iowa",2733
"Union County, Illinois",2501
"Union County, Indiana",2685
"Union County, Kentucky",2574
"Union County, Louisiana",2060
"Union County, Mississippi",2194
"Union County, North Carolina",208
"Union County, New Jersey",84
"Union County, New Mexico",2955
"Union County, Ohio",574
"Union County, Oregon",837
"Union County, Pennsylvania",1568
"Union County, South Carolina",2481
"Union County, South Dakota",2520
"Union County, Tennessee",932
#N/A,3091
"Upshur County, Texas",1620
"Upshur County, West Virginia",1811
"Upson County, Georgia",1764
"Upton County, Texas",2990
"Utah County, Utah",1189
"Uvalde County, Texas",2198
"Val Verde County, Texas",1536
"Valdez Cordova County, Alaska",2361
"Valencia County, New Mexico",1415
"Valley County, Idaho",1967
"Valley County, Montana",2417
"Valley County, Nebraska",2792
"Van Buren County, Arkansas",961
"Van Buren County, Iowa",2765
"Van Buren County, Michigan",1416
"Van Buren County, Tennessee",2438
"Van Wert County, Ohio",802
"Van Zandt County, Texas",1517
"Vance County, North Carolina",635
"Vanderburgh County, Indiana",1268
"Vega Alta County, Puerto Rico",2458
"Vega Baja County, Puerto Rico",2473
"Venango County, Pennsylvania",557
"Ventura County, California",45
"Vermilion County, Illinois",1401
"Vermilion County, Louisiana",1488
"Vermillion County, Indiana",2670
"Vernon County, Louisiana",2010
"Vernon County, Missouri",1853
"Vernon County, Wisconsin",794
"Victoria County, Texas",1389
"Vigo County, Indiana",1352
"Vilas County, Wisconsin",897
"Vinton County, Ohio",1027
"Virginia Beach City County, Virginia",109
"Volusia County, Florida",1192
"Wabash County, Illinois",2529
"Wabash County, Indiana",1987
"Wabasha County, Minnesota",1841
"Wabaunsee County, Kansas",2900
"Wadena County, Minnesota",2304
"Wagoner County, Oklahoma",464
"Wahkiakum County, Washington",1143
"Wake County, North Carolina",40
"Wakulla County, Florida",1724
"Waldo County, Maine",1625
"Walker County, Alabama",484
"Walker County, Georgia",1448
"Walker County, Texas",1449
"Walla Walla County, Washington",537
"Wallace County, Kansas",3064
"Waller County, Texas",1582
"Wallowa County, Oregon",1113
"Walsh County, North Dakota",2863
"Walthall County, Mississippi",2285
"Walton County, Florida",1503
"Walton County, Georgia",1392
"Walworth County, Wisconsin",363
"Wapello County, Iowa",740
"Ward County, North Dakota",1476
"Ward County, Texas",2676
"Ware County, Georgia",1650
"Warren County, Georgia",2781
"Warren County, Iowa",625
"Warren County, Illinois",2502
"Warren County, Indiana",2684
"Warren County, Kentucky",342
"Warren County, Missouri",1707
"Warren County, Mississippi",1537
"Warren County, North Carolina",905
"Warren County, New Jersey",345
"Warren County, New York",493
"Warren County, Ohio",198
"Warren County, Pennsylvania",1599
"Warren County, Tennessee",1615
"Warren County, Virginia",717
"Warrick County, Indiana",1482
"Wasatch County, Utah",1819
"Wasco County, Oregon",845
"Waseca County, Minnesota",1873
"Washakie County, Wyoming",2390
"Washburn County, Wisconsin",980
"Washington County, Alabama",2723
"Washington County, Arkansas",206
"Washington County, Colorado",2628
"Washington County, Florida",1801
"Washington County, Georgia",2237
"Washington County, Iowa",2228
"Washington County, Idaho",1965
"Washington County, Illinois",2517
"Washington County, Indiana",2037
"Washington County, Kansas",2925
"Washington County, Kentucky",2333
"Washington County, Louisiana",1550
"Washington County, Maryland",283
"Washington County, Maine",1700
"Washington County, Minnesota",183
"Washington County, Missouri",1798
"Washington County, Mississippi",2168
"Washington County, North Carolina",1031
"Washington County, Nebraska",921
"Washington County, New York",506
"Washington County, Ohio",516
"Washington County, Oklahoma",587
"Washington County, Oregon",87
"Washington County, Pennsylvania",201
"Washington County, Rhode Island",313
"Washington County, Tennessee",320
"Washington County, Texas",1684
"Washington County, Utah",1308
"Washington County, Virginia",558
"Washington County, Vermont",532
"Washington County, Wisconsin",304
"Washita County, Oklahoma",1046
"Washoe County, Nevada",115
"Washtenaw County, Michigan",1206
"Watauga County, North Carolina",586
"Watonwan County, Minnesota",2342
"Waukesha County, Wisconsin",122
"Waupaca County, Wisconsin",573
"Waushara County, Wisconsin",856
"Wayne County, Georgia",2028
"Wayne County, Iowa",2656
"Wayne County, Illinois",2504
"Wayne County, Indiana",1445
"Wayne County, Kentucky",2069
"Wayne County, Michigan",1159
"Wayne County, Missouri",2110
"Wayne County, Mississippi",2239
"Wayne County, North Carolina",321
"Wayne County, Nebraska",2592
"Wayne County, New York",392
"Wayne County, Ohio",340
"Wayne County, Pennsylvania",570
"Wayne County, Tennessee",1903
"Wayne County, West Virginia",664
"Waynesboro City County, Virginia",903
"Weakley County, Tennessee",1671
"Webb County, Texas",1240
"Weber County, Utah",1245
"Webster County, Georgia",2806
"Webster County, Iowa",711
"Webster County, Kentucky",2578
"Webster County, Louisiana",2474
"Webster County, Missouri",1653
"Webster County, Mississippi",2678
"Webster County, Nebraska",1144
"Webster County, West Virginia",2880
"Weld County, Colorado",173
"Wells County, Indiana",1761
"Wells County, North Dakota",2963
"West Baton Rouge County, Louisiana",2210
"West Carroll County, Louisiana",2705
"West Feliciana County, Louisiana",2513
"Westchester County, New York",32
"Westmoreland County, Pennsylvania",131
"Westmoreland County, Virginia",956
"Weston County, Wyoming",2418
"Wetzel County, West Virginia",2637
"Wexford County, Michigan",1704
"Wharton County, Texas",1603
"Whatcom County, Washington",209
"Wheatland County, Montana",3043
"Wheeler County, Georgia",2766
"Wheeler County, Nebraska",2829
"Wheeler County, Oregon",2692
"Wheeler County, Texas",2933
"White Pine County, Nevada",2130
"White County, Arkansas",448
"White County, Georgia",1765
"White County, Illinois",2728
"White County, Indiana",1809
"White County, Tennessee",1787
"Whiteside County, Illinois",1484
"Whitfield County, Georgia",1360
"Whitley County, Indiana",1692
"Whitley County, Kentucky",2022
"Whitman County, Washington",1571
"Wibaux County, Montana",3075
"Wichita County, Kansas",3040
"Wichita County, Texas",1322
"Wicomico County, Maryland",380
"Wilbarger County, Texas",2310
"Wilcox County, Alabama",2735
"Wilcox County, Georgia",2693
"Wilkes County, Georgia",2128
"Wilkes County, North Carolina",1444
"Wilkin County, Minnesota",2775
"Wilkinson County, Georgia",2538
"Wilkinson County, Mississippi",2876
"Will County, Illinois",1180
"Willacy County, Texas",2491
"Williams County, North Dakota",2223
"Williams County, Ohio",716
"Williamsburg City County, Virginia",1013
"Williamsburg County, South Carolina",751
"Williamson County, Illinois",1456
"Williamson County, Tennessee",226
"Williamson County, Texas",1200
"Wilson County, Kansas",2367
"Wilson County, North Carolina",432
"Wilson County, Tennessee",341
"Wilson County, Texas",1585
"Winchester City County, Virginia",831
"Windham County, Connecticut",329
"Windham County, Vermont",644
"Windsor County, Vermont",546
"Winkler County, Texas",2899
"Winn County, Louisiana",2700
"Winnebago County, Iowa",1062
"Winnebago County, Illinois",1219
"Winnebago County, Wisconsin",244
"Winneshiek County, Iowa",900
"Winona County, Minnesota",580
"Winston County, Alabama",857
"Winston County, Mississippi",2250
"Wirt County, West Virginia",2784
"Wise County, Texas",534
"Wise County, Virginia",680
"Wolfe County, Kentucky",2767
"Wood County, Ohio",315
"Wood County, Texas",1595
"Wood County, Wisconsin",458
"Wood County, West Virginia",415
"Woodbury County, Iowa",364
"Woodford County, Illinois",1626
"Woodford County, Kentucky",1800
"Woodruff County, Arkansas",1109
"Woods County, Oklahoma",2378
"Woodson County, Kansas",2995
"Woodward County, Oklahoma",924
"Worcester County, Massachusetts",51
"Worcester County, Maryland",581
"Worth County, Georgia",2229
"Worth County, Iowa",2610
"Worth County, Missouri",3042
"Wright County, Iowa",1029
"Wright County, Minnesota",316
"Wright County, Missouri",1878
"Wyandot County, Ohio",2221
"Wyandotte County, Kansas",1284
"Wyoming County, New York",670
"Wyoming County, Pennsylvania",810
"Wyoming County, West Virginia",2209
"Wythe County, Virginia",797
"Yadkin County, North Carolina",708
"Yakima County, Washington",179
"Yalobusha County, Mississippi",2322
"Yamhill County, Oregon",374
"Yancey County, North Carolina",950
"Yankton County, South Dakota",2488
"Yates County, New York",842
"Yavapai County, Arizona",199
"Yazoo County, Mississippi",2190
"Yell County, Arkansas",891
"Yellow Medicine County, Minnesota",2534
"Yellowstone County, Montana",1294
"Yoakum County, Texas",2890
"Yolo County, California",210
"York County, Maine",216
"York County, Nebraska",2306
"York County, Pennsylvania",110
"York County, South Carolina",189
"York County, Virginia",494
"Young County, Texas",2256
"Yuba County, California",467
"Yuma County, Arizona",217
"Yuma County, Colorado",1075
"Zapata County, Texas",2850
"Zavala County, Texas",2675
